id,year,zip_code,city,state,climate,building_class,facility_type,floor_area,year_built,energy_star_rating,leed_score,electric_eui,fuel_eui,site_eui,source_eui,ghg_emissions_int
1,2015,98101,Seattle,WA,4C Mixed - Marine (Salem-OR),Commercial,Lodging - Hotel,88434,1927,65,,41.69803999,37.2626844,78.96072439,173.4888622,6.626952584
1,2016,98101,Seattle,WA,4C Mixed - Marine (Salem-OR),Commercial,Lodging - Hotel,88434,1927,60,,44.50152655,36.99658159,81.49810813,181.9714405,6.142425051
1,2017,98101,Seattle,WA,4C Mixed - Marine (Salem-OR),Commercial,Lodging - Hotel,88434,1927,63,,44.67062363,38.57727439,83.24789802,184.3724566,6.223983871
1,2018,98101,Seattle,WA,4C Mixed - Marine (Salem-OR),Commercial,Lodging - Hotel,88434,1927,60,,44.1912963,39.58072597,83.77202227,183.8660968,6.196975423
1,2019,98101,Seattle,WA,4C Mixed - Marine (Salem-OR),Commercial,Lodging - Hotel,88434,1927,62,,43.75033407,39.30667674,83.0570108,182.3069677,6.597194708
1,2020,98101,Seattle,WA,4C Mixed - Marine (Salem-OR),Commercial,Lodging - Hotel,88434,1927,92,,30.83644856,23.57364206,54.41009062,124.0447707,3.945546755
1,2021,98101,Seattle,WA,4C Mixed - Marine (Salem-OR),Commercial,Lodging - Hotel,88434,1927,78,,36.4601709,,73.6211271,156.5548125,5.338736716
10,2015,98101,Seattle,WA,4C Mixed - Marine (Salem-OR),Commercial,Lodging - Hotel,83008,1926,25,,32.29057489,43.00528281,75.29585769,146.5479521,5.64797193
10,2016,98101,Seattle,WA,4C Mixed - Marine (Salem-OR),Commercial,Lodging - Hotel,83008,1926,27,,33.77623629,35.41719299,69.19342928,143.2454346,4.823735827
10,2017,98101,Seattle,WA,4C Mixed - Marine (Salem-OR),Commercial,Lodging - Hotel,83008,1926,33,,33.98175557,37.10657596,71.08833152,145.6646172,4.904169377
10,2018,98101,Seattle,WA,4C Mixed - Marine (Salem-OR),Commercial,Lodging - Hotel,83008,1926,53,,30.42890474,39.34445035,69.77335508,136.8584337,4.692813291
10,2019,98101,Seattle,WA,4C Mixed - Marine (Salem-OR),Commercial,Lodging - Hotel,83008,1926,59,,28.19963781,40.09077612,68.29041392,130.6421776,4.826792215
10,2020,98101,Seattle,WA,4C Mixed - Marine (Salem-OR),Commercial,Lodging - Hotel,83008,1926,79,,24.30607149,29.01459528,53.32066676,106.7863895,3.49187279
10,2021,98101,Seattle,WA,4C Mixed - Marine (Salem-OR),Commercial,Lodging - Hotel,83008,1926,62,,30.61257832,34.48426658,65.09684489,132.3319758,4.429915314
100,2015,98109,Seattle,WA,4C Mixed - Marine (Salem-OR),Commercial,Office - Uncategorized,287367,2010,96,,43.40504897,2.890724673,46.29577364,139.3271147,4.675438107
100,2016,98109,Seattle,WA,4C Mixed - Marine (Salem-OR),Commercial,Office - Uncategorized,287367,2010,96,,44.67272489,3.23107738,47.90380227,143.6649874,4.063677248
100,2017,98109,Seattle,WA,4C Mixed - Marine (Salem-OR),Commercial,Office - Uncategorized,287367,2010,95,,45.95524622,,56.99901738,155.8954329,4.553565905
100,2018,98109,Seattle,WA,4C Mixed - Marine (Salem-OR),Commercial,Office - Uncategorized,287367,2010,90,,44.27211428,,53.89904361,149.1227146,4.298884529
100,2019,98109,Seattle,WA,4C Mixed - Marine (Salem-OR),Commercial,Office - Uncategorized,287367,2010,91,,43.27563277,9.172075859,52.44770863,145.5161665,4.628443424
100,2021,98109,Seattle,WA,4C Mixed - Marine (Salem-OR),Commercial,Office - Uncategorized,287367,2010,91,,40.21198566,2.775718854,42.98770451,129.1801398,3.560690938
102,2015,98109,Seattle,WA,4C Mixed - Marine (Salem-OR),Commercial,Lodging - Hotel,238097,1990,40,,44.68973104,34.40717171,79.09690275,176.4532858,6.483113728
102,2016,98109,Seattle,WA,4C Mixed - Marine (Salem-OR),Commercial,Lodging - Hotel,238097,1990,37,,45.98877901,35.51542741,81.50420642,181.6959649,5.892966517
102,2017,98109,Seattle,WA,4C Mixed - Marine (Salem-OR),Commercial,Lodging - Hotel,238097,1990,46,,43.9709911,36.48195997,80.45295107,176.37497,5.733309208
102,2018,98109,Seattle,WA,4C Mixed - Marine (Salem-OR),Commercial,Lodging - Hotel,238097,1990,73,,38.0153843,36.93778564,74.95316994,158.1529816,5.214064318
102,2019,98109,Seattle,WA,4C Mixed - Marine (Salem-OR),Commercial,Lodging - Hotel,238097,1990,72,,36.54044942,43.31884831,79.85929773,160.2218019,5.79610607
102,2020,98109,Seattle,WA,4C Mixed - Marine (Salem-OR),Commercial,Lodging - Hotel,238097,1990,87,,31.71398431,31.06839836,62.78238268,132.203729,4.195540545
102,2021,98109,Seattle,WA,4C Mixed - Marine (Salem-OR),Commercial,Lodging - Hotel,238097,1990,82,,33.59309204,37.52029635,71.11338839,144.8786202,4.844150728
103,2015,98109,Seattle,WA,4C Mixed - Marine (Salem-OR),Commercial,Commercial - Other,389000,1962,,,36.7947817,,75.35975555,158.4983603,
103,2016,98109,Seattle,WA,4C Mixed - Marine (Salem-OR),Commercial,Commercial - Other,389000,1962,,,36.96745391,17.38637637,54.35383028,136.6766247,
103,2017,98109,Seattle,WA,4C Mixed - Marine (Salem-OR),Commercial,Commercial - Other,389000,1962,,,38.6774095,22.81625689,61.49366639,148.4851124,
103,2018,98109,Seattle,WA,4C Mixed - Marine (Salem-OR),Commercial,Commercial - Other,389000,1962,,,32.65065363,,42.07232972,113.6249897,
104,2015,98109,Seattle,WA,4C Mixed - Marine (Salem-OR),Commercial,Commercial - Other,65127,1962,,,55.62473637,22.45504863,,201.0645627,
104,2016,98109,Seattle,WA,4C Mixed - Marine (Salem-OR),Commercial,Commercial - Other,65127,1962,,,57.49572322,,120.490482,256.1302815,
104,2017,98109,Seattle,WA,4C Mixed - Marine (Salem-OR),Commercial,Commercial - Other,65127,1962,,,60.35675069,28.27753006,88.63428075,223.4532332,
104,2018,98109,Seattle,WA,4C Mixed - Marine (Salem-OR),Commercial,Commercial - Other,65127,1962,,,58.8063107,31.44701175,90.25332245,222.3882297,
104,2019,98109,Seattle,WA,4C Mixed - Marine (Salem-OR),Commercial,Commercial - Other,65127,1962,,,53.75870174,44.64555658,98.40425832,222.3769914,
104,2020,98109,Seattle,WA,4C Mixed - Marine (Salem-OR),Commercial,Commercial - Other,65127,1962,,,34.08167505,28.27605601,62.35773106,140.9477269,
104,2021,98109,Seattle,WA,4C Mixed - Marine (Salem-OR),Commercial,Commercial - Other,65127,1962,0,,40.95877802,28.58476515,69.54354318,162.9122812,
106,2015,98109,Seattle,WA,4C Mixed - Marine (Salem-OR),Commercial,Commercial - Other,396085,1938,,,20.09774124,48.39542968,68.49317091,117.0285995,
106,2016,98109,Seattle,WA,4C Mixed - Marine (Salem-OR),Commercial,Commercial - Other,396085,1938,,,18.2568852,,42.88991698,86.88625765,
106,2017,98109,Seattle,WA,4C Mixed - Marine (Salem-OR),Commercial,Commercial - Other,396085,1938,,,16.85188799,42.74563288,59.59752087,104.2096877,
106,2018,98109,Seattle,WA,4C Mixed - Marine (Salem-OR),Commercial,Commercial - Other,396085,1938,,,16.52425538,25.33332976,41.85758514,82.28615759,
106,2019,98109,Seattle,WA,4C Mixed - Marine (Salem-OR),Commercial,Commercial - Other,396085,1938,,,16.5228758,18.25475479,34.7776306,73.78753578,
106,2020,98109,Seattle,WA,4C Mixed - Marine (Salem-OR),Commercial,Commercial - Other,396085,1938,,,,13.42502655,20.4145369,38.05709437,
106,2021,98109,Seattle,WA,4C Mixed - Marine (Salem-OR),Commercial,Commercial - Other,396085,1938,0,,11.11545191,,16.01485481,40.78180248,
107,2015,98109,Seattle,WA,4C Mixed - Marine (Salem-OR),Commercial,Office - Uncategorized,571329,2010,89,,59.90441443,13.12517752,73.02959195,201.8812977,6.938394074
107,2016,98109,Seattle,WA,4C Mixed - Marine (Salem-OR),Commercial,Office - Uncategorized,571329,2010,91,,56.2175389,12.91571032,69.13324922,190.084568,5.583865298
107,2017,98109,Seattle,WA,4C Mixed - Marine (Salem-OR),Commercial,Office - Uncategorized,571329,2010,92,,55.69511754,12.69273755,68.38785508,188.2100435,5.481925023
107,2018,98109,Seattle,WA,4C Mixed - Marine (Salem-OR),Commercial,Office - Uncategorized,571329,2010,88,,53.71841381,12.09783089,65.8162447,181.3785418,5.238293276
107,2019,98109,Seattle,WA,4C Mixed - Marine (Salem-OR),Commercial,Office - Uncategorized,571329,2010,88,,53.327544,11.27214688,64.59969088,179.2842424,5.701908104
107,2021,98109,Seattle,WA,4C Mixed - Marine (Salem-OR),Commercial,Office - Uncategorized,571329,2010,85,,44.26667695,,45.96153228,140.7769637,3.847456456
11,2015,98101,Seattle,WA,4C Mixed - Marine (Salem-OR),Commercial,Public Assembly - Uncategorized,102761,1926,,,39.95061596,22.57693276,62.52754872,152.076781,5.620888361
11,2016,98101,Seattle,WA,4C Mixed - Marine (Salem-OR),Commercial,Public Assembly - Uncategorized,102761,1926,,,35.30544944,25.84632752,61.15177696,141.3138314,4.742454561
11,2017,98101,Seattle,WA,4C Mixed - Marine (Salem-OR),Commercial,Public Assembly - Uncategorized,102761,1926,,,39.40500249,32.16862013,71.57362262,161.7186609,5.483052915
11,2018,98101,Seattle,WA,4C Mixed - Marine (Salem-OR),Commercial,Public Assembly - Uncategorized,102761,1926,,,42.12671568,24.57118895,66.69790463,161.1221708,5.178774516
11,2019,98101,Seattle,WA,4C Mixed - Marine (Salem-OR),Commercial,Public Assembly - Uncategorized,102761,1926,,,41.21793552,30.14297026,71.36090578,164.8752649,5.880974799
11,2020,98101,Seattle,WA,4C Mixed - Marine (Salem-OR),Commercial,Public Assembly - Uncategorized,102761,1926,,,25.36441758,25.01658126,50.38099884,109.0479945,3.642362912
11,2021,98101,Seattle,WA,4C Mixed - Marine (Salem-OR),Commercial,Public Assembly - Uncategorized,102761,1926,0,,25.19533394,,70.67555503,133.0692131,5.103548724
110,2015,98109,Seattle,WA,4C Mixed - Marine (Salem-OR),Commercial,Public Assembly - Social/meeting,52000,1962,,,22.12092869,28.4883965,50.60932519,102.3530988,
110,2016,98109,Seattle,WA,4C Mixed - Marine (Salem-OR),Commercial,Public Assembly - Social/meeting,52000,1962,,,24.81214585,23.05883616,47.87098202,105.5807414,
110,2017,98109,Seattle,WA,4C Mixed - Marine (Salem-OR),Commercial,Public Assembly - Social/meeting,52000,1962,,,27.38127399,22.78761907,50.16889307,113.3223432,
110,2018,98109,Seattle,WA,4C Mixed - Marine (Salem-OR),Commercial,Public Assembly - Social/meeting,52000,1962,,,36.59163673,14.11491939,50.70655612,131.8356426,
110,2019,98109,Seattle,WA,4C Mixed - Marine (Salem-OR),Commercial,Public Assembly - Social/meeting,52000,1962,,,45.59795693,,72.16630698,175.0596048,
110,2020,98109,Seattle,WA,4C Mixed - Marine (Salem-OR),Commercial,Public Assembly - Social/meeting,52000,1962,,,40.35086827,,100.6886362,199.1070479,
111,2015,98109,Seattle,WA,4C Mixed - Marine (Salem-OR),Commercial,Commercial - Other,60696,1928,,,15.23785088,0,15.23785088,47.84685175,1.588267442
111,2016,98109,Seattle,WA,4C Mixed - Marine (Salem-OR),Commercial,Commercial - Other,60696,1928,,,14.39280771,0,14.39280771,45.1934162,1.253994112
111,2017,98109,Seattle,WA,4C Mixed - Marine (Salem-OR),Commercial,Commercial - Other,60696,1928,,,,0,4.566154488,,0.394177429
112,2015,98109,Seattle,WA,4C Mixed - Marine (Salem-OR),Commercial,Public Assembly - Drama theater,262048,1928,,,53.35252936,26.08296028,79.43548963,196.5915717,
112,2016,98109,Seattle,WA,4C Mixed - Marine (Salem-OR),Commercial,Public Assembly - Drama theater,262048,1928,,,51.43233388,19.56570759,70.99804147,184.9755769,
112,2017,98109,Seattle,WA,4C Mixed - Marine (Salem-OR),Commercial,Public Assembly - Drama theater,262048,1928,,,53.40805674,25.07746058,78.48551732,197.501937,
112,2018,98109,Seattle,WA,4C Mixed - Marine (Salem-OR),Commercial,Public Assembly - Drama theater,262048,1928,,,53.99221798,23.71914937,77.71136735,197.6662732,
112,2019,98109,Seattle,WA,4C Mixed - Marine (Salem-OR),Commercial,Public Assembly - Drama theater,262048,1928,,,46.80992218,23.56660046,70.37652264,174.9840939,
112,2020,98109,Seattle,WA,4C Mixed - Marine (Salem-OR),Commercial,Public Assembly - Drama theater,262048,1928,,,31.5639449,18.77506653,50.33901143,121.5059818,
113,2015,98109,Seattle,WA,4C Mixed - Marine (Salem-OR),Commercial,Commercial - Other,63888,1986,,,67.76212063,0,67.76212063,212.7730588,7.059858219
113,2016,98109,Seattle,WA,4C Mixed - Marine (Salem-OR),Commercial,Commercial - Other,63888,1986,,,65.04862279,0,65.04862279,204.2526756,5.667303158
113,2017,98109,Seattle,WA,4C Mixed - Marine (Salem-OR),Commercial,Commercial - Other,63888,1986,,,69.22470192,0,69.22470192,217.365564,5.975737763
113,2018,98109,Seattle,WA,4C Mixed - Marine (Salem-OR),Commercial,Commercial - Other,63888,1986,,,67.21405759,0,67.21405759,211.0521408,5.750297495
113,2019,98109,Seattle,WA,4C Mixed - Marine (Salem-OR),Commercial,Commercial - Other,63888,1986,,,64.2117759,0,64.2117759,201.6249763,6.14256871
113,2020,98109,Seattle,WA,4C Mixed - Marine (Salem-OR),Commercial,Commercial - Other,63888,1986,,,53.34798004,0,53.34798004,167.5126573,4.281933492
113,2021,98109,Seattle,WA,4C Mixed - Marine (Salem-OR),Commercial,Commercial - Other,63888,1986,0,,46.74457689,0,46.74457689,146.7779714,3.967771715
114,2015,98109,Seattle,WA,4C Mixed - Marine (Salem-OR),Commercial,Office - Uncategorized,616891,2010,93,,46.16333432,13.29892263,59.46225695,158.9167385,5.515845777
114,2016,98109,Seattle,WA,4C Mixed - Marine (Salem-OR),Commercial,Office - Uncategorized,616891,2010,93,,44.61625216,14.67107429,59.28732645,155.4996598,4.666337676
114,2017,98109,Seattle,WA,4C Mixed - Marine (Salem-OR),Commercial,Office - Uncategorized,616891,2010,93,,44.83557706,17.88230243,62.71787949,159.5601295,4.820104952
114,2018,98109,Seattle,WA,4C Mixed - Marine (Salem-OR),Commercial,Office - Uncategorized,616891,2010,83,,43.7679263,15.26024493,59.02817123,153.4545458,4.554940798
114,2019,98109,Seattle,WA,4C Mixed - Marine (Salem-OR),Commercial,Office - Uncategorized,616891,2010,82,,43.07853666,19.43117621,62.50971287,155.6693401,5.152924036
114,2020,98109,Seattle,WA,4C Mixed - Marine (Salem-OR),Commercial,Office - Uncategorized,616891,2010,87,,35.92416305,24.5762984,60.50046145,138.6069853,4.188671788
114,2021,98109,Seattle,WA,4C Mixed - Marine (Salem-OR),Commercial,Office - Uncategorized,616891,2010,82,,40.39113417,28.4694395,68.86057367,156.7210728,4.94049092
115,2015,98119,Seattle,WA,4C Mixed - Marine (Salem-OR),Commercial,Office - Uncategorized,50283,1970,72,,55.88704504,9.83226023,65.71930527,185.8091947,6.344386214
115,2016,98119,Seattle,WA,4C Mixed - Marine (Salem-OR),Commercial,Office - Uncategorized,50283,1970,68,,58.39858499,10.5586329,68.9572179,194.4581214,5.648706718
115,2017,98119,Seattle,WA,4C Mixed - Marine (Salem-OR),Commercial,Office - Uncategorized,50283,1970,71,,56.13132789,,72.84808138,193.8049607,5.733304802
115,2018,98119,Seattle,WA,4C Mixed - Marine (Salem-OR),Commercial,Office - Uncategorized,50283,1970,63,,50.03903716,13.31170261,63.35073977,171.0998644,4.98782878
115,2019,98119,Seattle,WA,4C Mixed - Marine (Salem-OR),Commercial,Office - Uncategorized,50283,1970,70,,44.37398499,16.08328717,60.45727216,156.2217644,5.098959431
115,2020,98119,Seattle,WA,4C Mixed - Marine (Salem-OR),Commercial,Office - Uncategorized,50283,1970,76,,38.94517973,17.46542439,56.41060412,140.62656,4.053492787
115,2021,98119,Seattle,WA,4C Mixed - Marine (Salem-OR),Commercial,Office - Uncategorized,50283,1970,73,,39.98785417,23.14698805,63.13484222,149.8661996,4.623584324
116,2015,98109,Seattle,WA,4C Mixed - Marine (Salem-OR),Commercial,Lodging - Hotel,81560,2002,52,,34.56804402,27.49459651,62.06264054,137.4129846,5.061828808
116,2016,98109,Seattle,WA,4C Mixed - Marine (Salem-OR),Commercial,Lodging - Hotel,81560,2002,56,,32.24902309,30.82391499,63.07293808,133.6270432,4.446726903
116,2017,98109,Seattle,WA,4C Mixed - Marine (Salem-OR),Commercial,Lodging - Hotel,81560,2002,48,,33.65504118,41.17718294,74.83222412,148.9128714,5.092154165
116,2018,98109,Seattle,WA,4C Mixed - Marine (Salem-OR),Commercial,Lodging - Hotel,81560,2002,65,,30.9910971,37.93040938,68.92150648,137.1389747,4.665807307
116,2019,98109,Seattle,WA,4C Mixed - Marine (Salem-OR),Commercial,Lodging - Hotel,81560,2002,72,,28.62621933,37.4702763,66.09649563,129.2301188,4.728495077
116,2020,98109,Seattle,WA,4C Mixed - Marine (Salem-OR),Commercial,Lodging - Hotel,81560,2002,96,,22.99651075,19.13074052,42.12725127,92.2963213,2.861830405
116,2021,98109,Seattle,WA,4C Mixed - Marine (Salem-OR),Commercial,Lodging - Hotel,81560,2002,83,,28.04058665,28.19274154,56.23332819,117.6498207,3.877456703
117,2015,98105,Seattle,WA,4C Mixed - Marine (Salem-OR),Commercial,Lodging - Hotel,60953,1962,51,,35.3807298,55.99807915,91.37880896,169.8934747,6.660150215
117,2016,98105,Seattle,WA,4C Mixed - Marine (Salem-OR),Commercial,Lodging - Hotel,60953,1962,53,,34.82358886,54.3319947,89.15558356,166.3946635,5.919550901
117,2017,98105,Seattle,WA,4C Mixed - Marine (Salem-OR),Commercial,Lodging - Hotel,60953,1962,58,,34.96684459,54.93752816,89.90437275,167.4802966,5.93620283
117,2018,98105,Seattle,WA,4C Mixed - Marine (Salem-OR),Commercial,Lodging - Hotel,60953,1962,34,,33.6806131,53.75989989,87.44051299,162.20502,5.736654499
117,2019,98105,Seattle,WA,4C Mixed - Marine (Salem-OR),Commercial,Lodging - Hotel,60953,1962,37,,32.96185222,52.72957632,85.69142854,158.8662711,5.953789687
117,2020,98105,Seattle,WA,4C Mixed - Marine (Salem-OR),Commercial,Lodging - Hotel,60953,1962,84,,23.71772474,27.27690035,50.99462509,103.1144011,3.352360625
117,2021,98105,Seattle,WA,4C Mixed - Marine (Salem-OR),Commercial,Lodging - Hotel,60953,1962,70,,24.85550272,,66.304488,121.5677131,4.311139614
118,2015,98106,Seattle,WA,4C Mixed - Marine (Salem-OR),Commercial,Education - Other classroom,75364,1999,85,,21.12881335,3.504918231,24.63373158,70.02463806,2.387264762
118,2016,98106,Seattle,WA,4C Mixed - Marine (Salem-OR),Commercial,Education - Other classroom,75364,1999,,,22.47321081,0,22.47321081,70.56588195,1.957960891
118,2017,98106,Seattle,WA,4C Mixed - Marine (Salem-OR),Commercial,Education - Other classroom,75364,1999,94,,22.78674226,0.014777704,22.80151996,71.56588727,1.96782429
118,2018,98106,Seattle,WA,4C Mixed - Marine (Salem-OR),Commercial,Education - Other classroom,75364,1999,82,,21.31875968,,26.72072239,72.61296625,2.11080869
118,2019,98106,Seattle,WA,4C Mixed - Marine (Salem-OR),Commercial,Education - Other classroom,75364,1999,78,,22.07827987,,30.43415599,78.09946872,2.555847096
118,2020,98106,Seattle,WA,4C Mixed - Marine (Salem-OR),Commercial,Education - Other classroom,75364,1999,87,,17.53599526,,27.77672727,65.81579371,1.951398089
118,2021,98106,Seattle,WA,4C Mixed - Marine (Salem-OR),Commercial,Education - Other classroom,75364,1999,70,,23.36250116,,35.79920834,86.41679617,2.643568612
119,2015,98112,Seattle,WA,4C Mixed - Marine (Salem-OR),Commercial,Education - Other classroom,67743,1923,43,,18.6843178,15.34401975,34.02833755,74.77997863,2.761397983
119,2016,98112,Seattle,WA,4C Mixed - Marine (Salem-OR),Commercial,Education - Other classroom,67743,1923,34,,19.70515019,19.29616136,39.00131156,82.13514104,2.741607262
119,2017,98112,Seattle,WA,4C Mixed - Marine (Salem-OR),Commercial,Education - Other classroom,67743,1923,15,,23.47254725,28.22953258,51.70207983,103.3448076,3.525505576
119,2018,98112,Seattle,WA,4C Mixed - Marine (Salem-OR),Commercial,Education - Other classroom,67743,1923,19,,24.53872022,26.17676274,50.71548296,104.5371824,3.48953723
119,2019,98112,Seattle,WA,4C Mixed - Marine (Salem-OR),Commercial,Education - Other classroom,67743,1923,26,,21.72917437,27.83400193,49.5631763,97.45530956,3.557108033
119,2020,98112,Seattle,WA,4C Mixed - Marine (Salem-OR),Commercial,Education - Other classroom,67743,1923,79,,13.14256083,,25.30168134,54.03471755,1.700648157
119,2021,98112,Seattle,WA,4C Mixed - Marine (Salem-OR),Commercial,Education - Other classroom,67743,1923,42,,16.70313122,29.15518947,,,2.966226775
12,2015,98104,Seattle,WA,4C Mixed - Marine (Salem-OR),Commercial,Lodging - Hotel,163984,1904,46,,44.85328938,32.22626273,77.07955211,174.6769045,6.384492191
12,2016,98104,Seattle,WA,4C Mixed - Marine (Salem-OR),Commercial,Lodging - Hotel,163984,1904,43,,44.38455237,39.09799777,83.48255014,180.4203921,5.943465018
12,2017,98104,Seattle,WA,4C Mixed - Marine (Salem-OR),Commercial,Lodging - Hotel,163984,1904,44,,44.54501033,46.00399705,90.54900738,188.1755293,6.288573769
12,2018,98104,Seattle,WA,4C Mixed - Marine (Salem-OR),Commercial,Lodging - Hotel,163984,1904,64,,39.63875298,52.47482212,92.1135751,179.5642476,6.178126766
12,2019,98104,Seattle,WA,4C Mixed - Marine (Salem-OR),Commercial,Lodging - Hotel,163984,1904,69,,38.36561982,48.94752034,87.31314016,171.8629426,6.269833517
12,2020,98104,Seattle,WA,4C Mixed - Marine (Salem-OR),Commercial,Lodging - Hotel,163984,1904,92,,28.71566943,32.54633299,61.26200242,124.3408516,4.033376277
12,2021,98104,Seattle,WA,4C Mixed - Marine (Salem-OR),Commercial,Lodging - Hotel,163984,1904,82,,34.5972527,40.27527076,74.87252346,150.9244078,5.075702553
120,2015,98112,Seattle,WA,4C Mixed - Marine (Salem-OR),Commercial,Education - Other classroom,161514,1908,100,,11.11718775,25.35526833,36.47245608,61.53100128,2.505327584
120,2016,98112,Seattle,WA,4C Mixed - Marine (Salem-OR),Commercial,Education - Other classroom,161514,1908,100,,11.65726642,26.74760748,38.4048739,64.68880441,2.436221568
120,2017,98112,Seattle,WA,4C Mixed - Marine (Salem-OR),Commercial,Education - Other classroom,161514,1908,98,,14.8037109,30.71282229,45.5165332,78.73211564,2.909101767
120,2018,98112,Seattle,WA,4C Mixed - Marine (Salem-OR),Commercial,Education - Other classroom,161514,1908,91,,13.322037,31.28933096,44.61136796,74.68499368,2.801148557
120,2020,98112,Seattle,WA,4C Mixed - Marine (Salem-OR),Commercial,Education - Other classroom,161514,1908,79,,14.4966831,25.47517942,39.97186251,72.26852331,2.5165516
120,2021,98112,Seattle,WA,4C Mixed - Marine (Salem-OR),Commercial,Education - Other classroom,161514,1908,90,,15.87489928,32.16544696,48.04034623,83.62090303,3.055799592
121,2015,98144,Seattle,WA,4C Mixed - Marine (Salem-OR),Commercial,Office - Uncategorized,63681,2003,71,,69.74851151,0,69.74851151,219.0103261,7.265894987
121,2016,98144,Seattle,WA,4C Mixed - Marine (Salem-OR),Commercial,Office - Uncategorized,63681,2003,63,,76.70792878,0,76.70792878,240.8628964,6.683117341
121,2017,98144,Seattle,WA,4C Mixed - Marine (Salem-OR),Commercial,Office - Uncategorized,63681,2003,63,,78.19701735,0,78.19701735,245.5386345,6.750251841
121,2018,98144,Seattle,WA,4C Mixed - Marine (Salem-OR),Commercial,Office - Uncategorized,63681,2003,53,,80.53874662,0,80.53874662,252.8916644,6.890416433
121,2019,98144,Seattle,WA,4C Mixed - Marine (Salem-OR),Commercial,Office - Uncategorized,63681,2003,51,,82.86294328,0,82.86294328,260.1896419,7.926742853
121,2020,98144,Seattle,WA,4C Mixed - Marine (Salem-OR),Commercial,Office - Uncategorized,63681,2003,29,,69.24394516,0,69.24394516,217.4259878,5.55781058
121,2021,98144,Seattle,WA,4C Mixed - Marine (Salem-OR),Commercial,Office - Uncategorized,63681,2003,22,,77.00540013,0,77.00540013,241.7969564,6.536369968
122,2015,98144,Seattle,WA,4C Mixed - Marine (Salem-OR),Commercial,Education - Other classroom,60725,1991,71,,35.42613831,0,35.42613831,111.2380743,3.690477239
122,2016,98144,Seattle,WA,4C Mixed - Marine (Salem-OR),Commercial,Education - Other classroom,60725,1991,,,38.5430501,0,38.5430501,121.0251773,3.35803812
122,2017,98144,Seattle,WA,4C Mixed - Marine (Salem-OR),Commercial,Education - Other classroom,60725,1991,77,,36.76918131,0,36.76918131,115.4552293,3.17405847
122,2018,98144,Seattle,WA,4C Mixed - Marine (Salem-OR),Commercial,Education - Other classroom,60725,1991,47,,33.95243394,0,33.95243394,106.6106426,2.904742373
122,2019,98144,Seattle,WA,4C Mixed - Marine (Salem-OR),Commercial,Education - Other classroom,60725,1991,47,,34.00422974,0,34.00422974,106.7732814,3.252771092
122,2020,98144,Seattle,WA,4C Mixed - Marine (Salem-OR),Commercial,Education - Other classroom,60725,1991,53,,30.86978619,0,30.86978619,96.93112862,2.477739012
122,2021,98144,Seattle,WA,4C Mixed - Marine (Salem-OR),Commercial,Education - Other classroom,60725,1991,40,,36.7642422,0,36.7642422,115.4397205,3.120621258
125,2015,98108,Seattle,WA,4C Mixed - Marine (Salem-OR),Commercial,Education - Other classroom,130862,1957,65,,16.44612343,28.2919516,44.73807503,81.34737674,3.215902659
125,2016,98108,Seattle,WA,4C Mixed - Marine (Salem-OR),Commercial,Education - Other classroom,130862,1957,61,,17.24478703,31.98278686,49.22757389,87.73055747,3.201045166
125,2017,98108,Seattle,WA,4C Mixed - Marine (Salem-OR),Commercial,Education - Other classroom,130862,1957,63,,17.12458197,41.92220804,59.04679001,97.78950582,3.704747928
125,2018,98108,Seattle,WA,4C Mixed - Marine (Salem-OR),Commercial,Education - Other classroom,130862,1957,59,,16.24297898,33.87581788,50.11879686,86.57256276,3.188825632
125,2019,98108,Seattle,WA,4C Mixed - Marine (Salem-OR),Commercial,Education - Other classroom,130862,1957,45,,17.71516751,43.40739456,61.12256207,101.2033903,4.00014709
125,2020,98108,Seattle,WA,4C Mixed - Marine (Salem-OR),Commercial,Education - Other classroom,130862,1957,65,,11.68893794,42.82734699,54.51628493,81.67197946,3.212763772
125,2021,98108,Seattle,WA,4C Mixed - Marine (Salem-OR),Commercial,Education - Other classroom,130862,1957,54,,15.87087582,44.12098241,59.99185822,96.16158159,3.690416561
127,2015,98118,Seattle,WA,4C Mixed - Marine (Salem-OR),Commercial,Education - Other classroom,59955,1989,94,,23.75337685,1.631944945,25.38532179,76.2991455,2.561336831
127,2016,98118,Seattle,WA,4C Mixed - Marine (Salem-OR),Commercial,Education - Other classroom,59955,1989,93,,23.90013629,3.276498259,27.17663455,78.48675113,2.256291123
127,2017,98118,Seattle,WA,4C Mixed - Marine (Salem-OR),Commercial,Education - Other classroom,59955,1989,94,,26.21743755,3.259475324,29.47691288,85.745203,2.4363021
127,2018,98118,Seattle,WA,4C Mixed - Marine (Salem-OR),Commercial,Education - Other classroom,59955,1989,71,,24.03514374,2.240264216,26.27540795,77.82262877,2.175252437
127,2019,98118,Seattle,WA,4C Mixed - Marine (Salem-OR),Commercial,Education - Other classroom,59955,1989,72,,23.5814489,2.818523603,26.3999725,77.00519932,2.405490761
127,2020,98118,Seattle,WA,4C Mixed - Marine (Salem-OR),Commercial,Education - Other classroom,59955,1989,81,,20.25923459,3.271331003,23.53056559,67.04889417,1.799831856
127,2021,98118,Seattle,WA,4C Mixed - Marine (Salem-OR),Commercial,Education - Other classroom,59955,1989,62,,27.83607365,3.632891335,31.46896498,91.21980715,2.555723592
1280,2015,98134,Seattle,WA,4C Mixed - Marine (Salem-OR),Residential,Mixed Use - Commercial and Residential,53280,1921,21,,89.4123874,0,89.4123874,280.7548964,9.311137573
1280,2016,98134,Seattle,WA,4C Mixed - Marine (Salem-OR),Residential,Mixed Use - Commercial and Residential,53280,1921,3,,132.3445012,0,132.3445012,415.5617337,11.53042489
1280,2017,98134,Seattle,WA,4C Mixed - Marine (Salem-OR),Residential,Mixed Use - Commercial and Residential,53280,1921,,,127.8407708,0,127.8407708,401.4200203,11.03572781
1280,2018,98134,Seattle,WA,4C Mixed - Marine (Salem-OR),Residential,Mixed Use - Commercial and Residential,53280,1921,,,110.6035182,0,110.6035182,347.2950471,9.461899774
1280,2019,98134,Seattle,WA,4C Mixed - Marine (Salem-OR),Residential,Mixed Use - Commercial and Residential,53280,1921,,,89.4187731,0,89.4187731,280.7749475,8.553748524
1280,2020,98134,Seattle,WA,4C Mixed - Marine (Salem-OR),Residential,Mixed Use - Commercial and Residential,53280,1921,,,77.81696268,0,77.81696268,244.3452628,6.245917061
1280,2021,98134,Seattle,WA,4C Mixed - Marine (Salem-OR),Residential,Mixed Use - Commercial and Residential,53280,1921,0,,77.49208175,0,77.49208175,243.3251367,6.577680462
1281,2015,98105,Seattle,WA,4C Mixed - Marine (Salem-OR),Residential,Mixed Use - Commercial and Residential,65434,1960,1,,273.9254736,0.00921595,273.9346895,860.1356637,28.53888799
1281,2016,98105,Seattle,WA,4C Mixed - Marine (Salem-OR),Residential,Mixed Use - Commercial and Residential,65434,1960,1,,271.1633962,1.353764421,272.5171606,852.8745167,23.69681115
1281,2017,98105,Seattle,WA,4C Mixed - Marine (Salem-OR),Residential,Mixed Use - Commercial and Residential,65434,1960,1,,268.6094866,3.060151556,271.6696381,846.646947,23.34982068
1281,2018,98105,Seattle,WA,4C Mixed - Marine (Salem-OR),Residential,Mixed Use - Commercial and Residential,65434,1960,1,,301.7184393,0.411424918,302.1298642,947.8278956,25.83553319
1281,2019,98105,Seattle,WA,4C Mixed - Marine (Salem-OR),Residential,Mixed Use - Commercial and Residential,65434,1960,1,,326.4166089,,336.8221206,1035.873939,31.77815215
1281,2020,98105,Seattle,WA,4C Mixed - Marine (Salem-OR),Residential,Mixed Use - Commercial and Residential,65434,1960,1,,267.7469131,,291.1041695,865.2504262,22.73099844
1281,2021,98105,Seattle,WA,4C Mixed - Marine (Salem-OR),Residential,Mixed Use - Commercial and Residential,65434,1960,1,,313.6087997,,330.2075252,1002.160293,27.50129065
13,2015,98104,Seattle,WA,4C Mixed - Marine (Salem-OR),Residential,5+ Unit Building,62216,1910,2,,38.10753998,35.62245549,73.72999548,160.6319486,6.178163847
13,2016,98104,Seattle,WA,4C Mixed - Marine (Salem-OR),Residential,5+ Unit Building,62216,1910,1,,40.58411478,32.75233285,73.33644763,164.3271116,5.497109181
13,2017,98104,Seattle,WA,4C Mixed - Marine (Salem-OR),Residential,5+ Unit Building,62216,1910,2,,39.3063751,41.7591225,81.0654976,170.9166612,5.93406891
13,2018,98104,Seattle,WA,4C Mixed - Marine (Salem-OR),Residential,5+ Unit Building,62216,1910,14,,41.39814897,47.98882523,89.3869742,185.1695218,6.514838599
13,2019,98104,Seattle,WA,4C Mixed - Marine (Salem-OR),Residential,5+ Unit Building,62216,1910,23,,38.44145686,41.98101386,80.42247072,167.7931028,6.173188852
13,2020,98104,Seattle,WA,4C Mixed - Marine (Salem-OR),Residential,5+ Unit Building,62216,1910,7,,36.25950706,30.00345197,66.26295903,148.0001655,4.737877665
13,2021,98104,Seattle,WA,4C Mixed - Marine (Salem-OR),Residential,5+ Unit Building,62216,1910,23,,39.71806425,34.72253118,74.44059543,164.5803415,5.517317956
130,2015,98119,Seattle,WA,4C Mixed - Marine (Salem-OR),Commercial,Education - Other classroom,93218,1964,84,,15.30355772,17.64715364,32.95071136,66.58268255,2.531540946
130,2016,98119,Seattle,WA,4C Mixed - Marine (Salem-OR),Commercial,Education - Other classroom,93218,1964,86,,15.90506221,14.99100596,30.89606817,65.68245159,2.181889922
130,2017,98119,Seattle,WA,4C Mixed - Marine (Salem-OR),Commercial,Education - Other classroom,93218,1964,89,,15.4422416,17.42487149,32.86711309,66.78475369,2.258466786
130,2018,98119,Seattle,WA,4C Mixed - Marine (Salem-OR),Commercial,Education - Other classroom,93218,1964,73,,15.34658988,15.77530129,31.12189117,64.75235859,2.150793929
130,2019,98119,Seattle,WA,4C Mixed - Marine (Salem-OR),Commercial,Education - Other classroom,93218,1964,69,,15.95052639,18.22659871,34.1771251,69.22258152,2.49395458
130,2020,98119,Seattle,WA,4C Mixed - Marine (Salem-OR),Commercial,Education - Other classroom,93218,1964,85,,11.00204565,17.83642348,28.83846913,53.27466799,1.830362957
130,2021,98119,Seattle,WA,4C Mixed - Marine (Salem-OR),Commercial,Education - Other classroom,93218,1964,70,,11.8819838,,42.19351161,69.13653332,2.61841142
131,2015,98115,Seattle,WA,4C Mixed - Marine (Salem-OR),Commercial,Data Center,56521,1941,,,113.9922916,0,113.9922916,357.9357957,11.87613021
131,2016,98115,Seattle,WA,4C Mixed - Marine (Salem-OR),Commercial,Data Center,56521,1941,,,112.1507003,0,112.1507003,352.1531989,9.771068722
131,2017,98115,Seattle,WA,4C Mixed - Marine (Salem-OR),Commercial,Data Center,56521,1941,,,101.4991141,0,101.4991141,318.7072184,8.761795425
131,2018,98115,Seattle,WA,4C Mixed - Marine (Salem-OR),Commercial,Data Center,56521,1941,,,94.68149281,0,94.68149281,297.2998874,8.100167184
131,2019,98115,Seattle,WA,4C Mixed - Marine (Salem-OR),Commercial,Data Center,56521,1941,,,89.59199533,0,89.59199533,281.3188653,8.570179006
131,2020,98115,Seattle,WA,4C Mixed - Marine (Salem-OR),Commercial,Data Center,56521,1941,,,81.27562177,0,81.27562177,255.2054524,6.523523602
131,2021,98115,Seattle,WA,4C Mixed - Marine (Salem-OR),Commercial,Data Center,56521,1941,0,,90.39022735,0,90.39022735,283.8253139,7.672500454
132,2015,98115,Seattle,WA,4C Mixed - Marine (Salem-OR),Commercial,Grocery store or food market,128315,1929,,,16.50376092,18.26107153,34.76483245,70.99593439,2.689331815
132,2016,98115,Seattle,WA,4C Mixed - Marine (Salem-OR),Commercial,Grocery store or food market,128315,1929,,,15.5359976,17.51099066,33.04698826,67.16957267,2.283584606
132,2017,98115,Seattle,WA,4C Mixed - Marine (Salem-OR),Commercial,Grocery store or food market,128315,1929,,,,19.21868533,28.74131686,50.0806826,1.842515202
132,2018,98115,Seattle,WA,4C Mixed - Marine (Salem-OR),Commercial,Grocery store or food market,128315,1929,,,,18.10171514,,,10.28320311
132,2019,98115,Seattle,WA,4C Mixed - Marine (Salem-OR),Commercial,Grocery store or food market,128315,1929,91,,,17.78080757,,,11.24326396
132,2020,98115,Seattle,WA,4C Mixed - Marine (Salem-OR),Commercial,Grocery store or food market,128315,1929,94,,,11.89259387,,,8.131457518
132,2021,98115,Seattle,WA,4C Mixed - Marine (Salem-OR),Commercial,Grocery store or food market,128315,1929,88,,97.90207872,13.91894946,111.8210282,,9.049356593
136,2015,98133,Seattle,WA,4C Mixed - Marine (Salem-OR),Residential,Multifamily - Uncategorized,51390,2001,86,,27.99401009,47.18242144,75.17643153,137.4427342,5.422414654
136,2016,98133,Seattle,WA,4C Mixed - Marine (Salem-OR),Residential,Multifamily - Uncategorized,51390,2001,89,,27.13801931,42.94654247,70.08456177,130.3072502,4.645268877
136,2017,98133,Seattle,WA,4C Mixed - Marine (Salem-OR),Residential,Multifamily - Uncategorized,51390,2001,91,,27.82794445,41.70458703,69.53253148,131.1695619,4.617141409
136,2018,98133,Seattle,WA,4C Mixed - Marine (Salem-OR),Residential,Multifamily - Uncategorized,51390,2001,84,,28.16098762,51.27566218,79.4366498,142.2649464,5.132531392
136,2019,98133,Seattle,WA,4C Mixed - Marine (Salem-OR),Residential,Multifamily - Uncategorized,51390,2001,84,,28.76448192,50.17886972,78.94335164,143.0082864,5.416688376
136,2020,98133,Seattle,WA,4C Mixed - Marine (Salem-OR),Residential,Multifamily - Uncategorized,51390,2001,98,,22.79086325,26.64965702,49.44052027,99.54545046,3.244653926
137,2015,98133,Seattle,WA,4C Mixed - Marine (Salem-OR),Commercial,Education - Other classroom,131013,1963,88,,13.51464512,16.5510024,30.06564752,59.81453821,2.287008188
137,2016,98133,Seattle,WA,4C Mixed - Marine (Salem-OR),Commercial,Education - Other classroom,131013,1963,88,,13.5167079,16.13830762,29.65501552,59.3876858,2.03473758
137,2017,98133,Seattle,WA,4C Mixed - Marine (Salem-OR),Commercial,Education - Other classroom,131013,1963,94,,13.94264838,18.98334696,32.92599534,63.71243022,2.211790799
137,2018,98133,Seattle,WA,4C Mixed - Marine (Salem-OR),Commercial,Education - Other classroom,131013,1963,91,,12.1009043,22.05054778,34.15145208,61.14991466,2.206429509
137,2019,98133,Seattle,WA,4C Mixed - Marine (Salem-OR),Commercial,Education - Other classroom,131013,1963,86,,14.00517961,25.07946291,39.08464252,70.30970002,2.6717853
137,2020,98133,Seattle,WA,4C Mixed - Marine (Salem-OR),Commercial,Education - Other classroom,131013,1963,91,,10.11658469,26.86781521,36.9843999,59.9772819,2.238949347
137,2021,98133,Seattle,WA,4C Mixed - Marine (Salem-OR),Commercial,Education - Other classroom,131013,1963,86,,12.66650812,29.1270332,41.79354132,70.35622035,2.62209488
138,2015,98133,Seattle,WA,4C Mixed - Marine (Salem-OR),Commercial,Education - Other classroom,245587,1959,95,,15.67678795,26.88051011,42.55729806,77.44964978,3.060840037
138,2016,98133,Seattle,WA,4C Mixed - Marine (Salem-OR),Commercial,Education - Other classroom,245587,1959,92,,15.94085755,31.84698428,47.78784183,83.49362621,3.080230437
138,2017,98133,Seattle,WA,4C Mixed - Marine (Salem-OR),Commercial,Education - Other classroom,245587,1959,95,,15.0790723,36.20470036,51.28377266,85.3632224,3.224517391
138,2018,98133,Seattle,WA,4C Mixed - Marine (Salem-OR),Commercial,Education - Other classroom,245587,1959,90,,13.15271842,28.0815921,41.23431052,70.78520754,2.616695123
138,2019,98133,Seattle,WA,4C Mixed - Marine (Salem-OR),Commercial,Education - Other classroom,245587,1959,86,,14.00951884,34.01196049,48.02147933,79.70244767,3.146568807
138,2020,98133,Seattle,WA,4C Mixed - Marine (Salem-OR),Commercial,Education - Other classroom,245587,1959,91,,10.9843378,35.19819538,46.18253318,71.44892585,2.751025357
138,2021,98133,Seattle,WA,4C Mixed - Marine (Salem-OR),Commercial,Education - Other classroom,245587,1959,80,,14.10775054,45.42540933,59.53315986,91.99501649,3.61003713
139,2015,98133,Seattle,WA,4C Mixed - Marine (Salem-OR),Residential,Multifamily - Uncategorized,69138,2002,75,,27.19973691,20.50616894,47.70590585,106.9386513,3.922921324
139,2016,98133,Seattle,WA,4C Mixed - Marine (Salem-OR),Residential,Multifamily - Uncategorized,69138,2002,78,,26.00731728,20.76964015,46.77695743,103.4710984,3.36894289
139,2017,98133,Seattle,WA,4C Mixed - Marine (Salem-OR),Residential,Multifamily - Uncategorized,69138,2002,80,,26.30187339,22.53062051,48.8324939,106.245034,3.467079219
139,2018,98133,Seattle,WA,4C Mixed - Marine (Salem-OR),Residential,Multifamily - Uncategorized,69138,2002,84,,25.12023405,18.41091294,43.53114698,98.20899349,3.126809919
139,2019,98133,Seattle,WA,4C Mixed - Marine (Salem-OR),Residential,Multifamily - Uncategorized,69138,2002,93,,21.13785491,16.26792024,37.40577515,83.45418067,2.885864483
139,2020,98133,Seattle,WA,4C Mixed - Marine (Salem-OR),Residential,Multifamily - Uncategorized,69138,2002,92,,22.17565057,14.85415168,37.02980225,85.22840206,2.568815078
140,2015,98103,Seattle,WA,4C Mixed - Marine (Salem-OR),Commercial,Education - Other classroom,66588,1991,75,,30.53878251,0,30.53878251,95.89177709,3.181503571
140,2016,98103,Seattle,WA,4C Mixed - Marine (Salem-OR),Commercial,Education - Other classroom,66588,1991,,,31.52200085,0,31.52200085,98.97908268,2.746326239
140,2017,98103,Seattle,WA,4C Mixed - Marine (Salem-OR),Commercial,Education - Other classroom,66588,1991,81,,33.49215343,0,33.49215343,105.1653618,2.891186103
140,2018,98103,Seattle,WA,4C Mixed - Marine (Salem-OR),Commercial,Education - Other classroom,66588,1991,79,,24.76629051,0,24.76629051,77.76615219,2.118329503
140,2019,98103,Seattle,WA,4C Mixed - Marine (Salem-OR),Commercial,Education - Other classroom,66588,1991,100,,,0,,,0.633575402
140,2020,98103,Seattle,WA,4C Mixed - Marine (Salem-OR),Commercial,Education - Other classroom,66588,1991,71,,27.06355764,0,27.06355764,84.979571,2.172235084
140,2021,98103,Seattle,WA,4C Mixed - Marine (Salem-OR),Commercial,Education - Other classroom,66588,1991,44,,37.82449529,0,37.82449529,118.7689152,3.210617628
141,2019,98126,Seattle,WA,4C Mixed - Marine (Salem-OR),Commercial,Education - Other classroom,44324,1926,,,17.99174019,17.4174344,35.40917459,74.78237032,2.646007407
141,2020,98126,Seattle,WA,4C Mixed - Marine (Salem-OR),Commercial,Education - Other classroom,44324,1926,,,18.30822219,13.79059495,32.09881715,71.96794239,2.201913495
141,2021,98126,Seattle,WA,4C Mixed - Marine (Salem-OR),Commercial,Education - Other classroom,44324,1926,0,,21.17714622,18.14547424,39.32262045,85.54898708,2.761264
144,2015,98104,Seattle,WA,4C Mixed - Marine (Salem-OR),Commercial,Lodging - Hotel,169037,1904,97,,27.95800714,13.05943606,41.0174432,101.5005503,3.606497585
144,2016,98104,Seattle,WA,4C Mixed - Marine (Salem-OR),Commercial,Lodging - Hotel,169037,1904,98,,25.97595846,12.40419239,38.38015085,94.58891157,2.921923267
144,2017,98104,Seattle,WA,4C Mixed - Marine (Salem-OR),Commercial,Lodging - Hotel,169037,1904,99,,25.63695501,11.17686633,36.81382135,92.23574839,2.806671402
144,2018,98104,Seattle,WA,4C Mixed - Marine (Salem-OR),Commercial,Lodging - Hotel,169037,1904,98,,29.79759429,11.52320527,41.32079956,105.6638116,3.16120385
144,2019,98104,Seattle,WA,4C Mixed - Marine (Salem-OR),Commercial,Lodging - Hotel,169037,1904,99,,27.09592626,10.62204117,37.71796743,96.23435169,3.156521103
144,2020,98104,Seattle,WA,4C Mixed - Marine (Salem-OR),Commercial,Lodging - Hotel,169037,1904,100,,14.03103224,,,49.00622107,1.37650372
144,2021,98104,Seattle,WA,4C Mixed - Marine (Salem-OR),Commercial,Lodging - Hotel,169037,1904,100,,17.82953516,4.149564888,21.97910004,60.34178352,1.733789437
145,2015,98101,Seattle,WA,4C Mixed - Marine (Salem-OR),Commercial,Public Assembly - Drama theater,174000,1998,,,60.94966529,20.49920871,81.448874,215.6041563,7.678072685
145,2016,98101,Seattle,WA,4C Mixed - Marine (Salem-OR),Commercial,Public Assembly - Drama theater,174000,1998,,,56.18601134,27.73755481,83.92356616,209.2557746,6.696770564
145,2017,98101,Seattle,WA,4C Mixed - Marine (Salem-OR),Commercial,Public Assembly - Drama theater,174000,1998,,,55.61929575,30.00903332,85.62832907,210.2011291,6.753610527
145,2018,98101,Seattle,WA,4C Mixed - Marine (Salem-OR),Commercial,Public Assembly - Drama theater,174000,1998,,,56.77021207,37.92700099,94.69721307,223.3567863,7.338533139
145,2019,98101,Seattle,WA,4C Mixed - Marine (Salem-OR),Commercial,Public Assembly - Drama theater,174000,1998,,,56.4409585,39.88612479,96.32708329,224.6369242,8.008100557
145,2020,98101,Seattle,WA,4C Mixed - Marine (Salem-OR),Commercial,Public Assembly - Drama theater,174000,1998,,,36.96327799,22.62481306,59.58809105,143.0960851,4.458627136
145,2021,98101,Seattle,WA,4C Mixed - Marine (Salem-OR),Commercial,Public Assembly - Drama theater,174000,1998,0,,37.8390638,24.71964368,62.55870748,148.4154827,4.847678921
147,2015,98107,Seattle,WA,4C Mixed - Marine (Salem-OR),Commercial,Health Care - Inpatient,302661,1954,28,,106.8108494,102.6272038,209.4380533,443.1446313,16.57743877
147,2016,98107,Seattle,WA,4C Mixed - Marine (Salem-OR),Commercial,Health Care - Inpatient,302661,1954,14,,116.0873369,108.2893683,224.3767052,478.2180747,15.86528941
147,2017,98107,Seattle,WA,4C Mixed - Marine (Salem-OR),Commercial,Health Care - Inpatient,302661,1954,18,,107.3436854,121.7429714,229.0866568,464.8892921,15.73208396
147,2018,98107,Seattle,WA,4C Mixed - Marine (Salem-OR),Commercial,Health Care - Inpatient,302661,1954,33,,103.166433,106.9793112,210.1457442,436.2708764,14.50783585
147,2019,98107,Seattle,WA,4C Mixed - Marine (Salem-OR),Commercial,Health Care - Inpatient,302661,1954,37,,101.0816217,104.0772425,205.1588642,426.6773968,15.19652952
147,2020,98107,Seattle,WA,4C Mixed - Marine (Salem-OR),Commercial,Health Care - Inpatient,302661,1954,56,,97.96584621,84.66176273,182.6276089,396.507608,12.35953751
147,2021,98107,Seattle,WA,4C Mixed - Marine (Salem-OR),Commercial,Health Care - Inpatient,302661,1954,39,,101.2279248,109.9506742,211.178599,433.3038919,14.43190586
148,2015,98107,Seattle,WA,4C Mixed - Marine (Salem-OR),Commercial,Education - Other classroom,55513,1991,91,,29.05170904,0,29.05170904,91.22236638,3.028121361
148,2016,98107,Seattle,WA,4C Mixed - Marine (Salem-OR),Commercial,Education - Other classroom,55513,1991,93,,27.19177777,0,27.19177777,85.3821822,2.369122822
148,2017,98107,Seattle,WA,4C Mixed - Marine (Salem-OR),Commercial,Education - Other classroom,55513,1991,96,,29.16355952,0,29.16355952,91.57357689,2.517570734
148,2018,98107,Seattle,WA,4C Mixed - Marine (Salem-OR),Commercial,Education - Other classroom,55513,1991,76,,26.02742505,0,26.02742505,81.72611464,2.226005248
15,2015,98101,Seattle,WA,4C Mixed - Marine (Salem-OR),Commercial,Lodging - Hotel,133884,1969,48,,47.32914591,62.66891107,109.998057,218.4854111,8.619874342
15,2016,98101,Seattle,WA,4C Mixed - Marine (Salem-OR),Commercial,Lodging - Hotel,133884,1969,30,,46.08951563,73.21817829,119.3076939,227.4531843,8.422711168
15,2017,98101,Seattle,WA,4C Mixed - Marine (Salem-OR),Commercial,Lodging - Hotel,133884,1969,35,,45.19582432,74.8043626,120.0001869,226.8482251,8.4403811
15,2018,98101,Seattle,WA,4C Mixed - Marine (Salem-OR),Commercial,Lodging - Hotel,133884,1969,48,,42.43954802,75.89201165,118.3315597,219.3681537,8.231141724
15,2019,98101,Seattle,WA,4C Mixed - Marine (Salem-OR),Commercial,Lodging - Hotel,133884,1969,12,,,74.11548041,143.1828432,301.0867623,11.11025365
15,2020,98101,Seattle,WA,4C Mixed - Marine (Salem-OR),Commercial,Lodging - Hotel,133884,1969,51,,47.59910554,50.84002271,98.43912825,205.8444419,6.78652691
15,2021,98101,Seattle,WA,4C Mixed - Marine (Salem-OR),Commercial,Lodging - Hotel,133884,1969,45,,53.63987348,47.1748902,100.8147637,220.8268051,7.312264021
1560,2018,98107,Seattle,WA,4C Mixed - Marine (Salem-OR),Commercial,Office - Medical non diagnostic,92477,2010,57,,107.3335111,0,107.3335111,337.027225,9.180438743
1560,2019,98107,Seattle,WA,4C Mixed - Marine (Salem-OR),Commercial,Office - Medical non diagnostic,92477,2010,100,,,0,,,2.415322604
1560,2020,98107,Seattle,WA,4C Mixed - Marine (Salem-OR),Commercial,Office - Medical non diagnostic,92477,2010,100,,79.82893568,0,79.82893568,250.662858,6.407406486
1560,2021,98107,Seattle,WA,4C Mixed - Marine (Salem-OR),Commercial,Office - Medical non diagnostic,92477,2010,0,,87.25063769,0,87.25063769,273.9670023,7.406005902
16,2015,98101,Seattle,WA,4C Mixed - Marine (Salem-OR),Commercial,Lodging - Hotel,272015,1998,32,,70.04429875,31.83667666,101.8809754,256.3616231,9.253831842
16,2016,98101,Seattle,WA,4C Mixed - Marine (Salem-OR),Commercial,Lodging - Hotel,272015,1998,36,,66.30148989,32.48281763,98.78430752,245.5934259,7.793989377
16,2017,98101,Seattle,WA,4C Mixed - Marine (Salem-OR),Commercial,Lodging - Hotel,272015,1998,38,,67.12724564,35.09262508,102.2198707,251.1222484,7.968139605
16,2018,98101,Seattle,WA,4C Mixed - Marine (Salem-OR),Commercial,Lodging - Hotel,272015,1998,38,,66.63522514,32.56556825,99.20079339,246.6307876,7.714165402
16,2019,98101,Seattle,WA,4C Mixed - Marine (Salem-OR),Commercial,Lodging - Hotel,272015,1998,36,,67.35886717,33.88578867,101.2446558,250.4691539,8.543466641
16,2020,98101,Seattle,WA,4C Mixed - Marine (Salem-OR),Commercial,Lodging - Hotel,272015,1998,88,,44.04984192,,55.79548683,151.696419,4.252200131
16,2021,98101,Seattle,WA,4C Mixed - Marine (Salem-OR),Commercial,Lodging - Hotel,272015,1998,81,,55.02536269,16.94428248,71.96964518,192.1440077,5.709928443
163,2015,98104,Seattle,WA,4C Mixed - Marine (Salem-OR),Commercial,Public Safety - Fire or police station,61156,2006,,,118.0763408,52.44945346,170.5257942,425.8316361,15.08748477
163,2016,98104,Seattle,WA,4C Mixed - Marine (Salem-OR),Commercial,Public Safety - Fire or police station,61156,2006,,,113.2810606,39.4159675,152.6970281,397.0892961,11.96291909
163,2017,98104,Seattle,WA,4C Mixed - Marine (Salem-OR),Commercial,Public Safety - Fire or police station,61156,2006,,,108.7800857,45.46545084,154.2455365,389.3081925,11.80497346
163,2018,98104,Seattle,WA,4C Mixed - Marine (Salem-OR),Commercial,Public Safety - Fire or police station,61156,2006,,,107.6878878,36.99210736,144.6799952,376.9816805,11.17752286
163,2019,98104,Seattle,WA,4C Mixed - Marine (Salem-OR),Commercial,Public Safety - Fire or police station,61156,2006,,,101.3904094,32.89888368,134.2892931,352.9097134,11.44561267
163,2020,98104,Seattle,WA,4C Mixed - Marine (Salem-OR),Commercial,Public Safety - Fire or police station,61156,2006,,,102.3183224,30.67956729,132.9978897,353.4930779,9.841891168
163,2021,98104,Seattle,WA,4C Mixed - Marine (Salem-OR),Commercial,Public Safety - Fire or police station,61156,2006,0,,101.8477704,31.18647394,133.0342443,352.5477967,10.3013529
167,2015,98104,Seattle,WA,4C Mixed - Marine (Salem-OR),Commercial,Public Assembly - Entertainment/culture,59000,1910,,,24.71141535,10.48004743,35.19146278,88.597894,3.131321883
167,2016,98104,Seattle,WA,4C Mixed - Marine (Salem-OR),Commercial,Public Assembly - Entertainment/culture,59000,1910,,,22.1728928,11.82540104,33.99829385,82.0395545,2.559842825
167,2017,98104,Seattle,WA,4C Mixed - Marine (Salem-OR),Commercial,Public Assembly - Entertainment/culture,59000,1910,,,22.54018743,,39.41772695,88.49760503,2.84212799
167,2018,98104,Seattle,WA,4C Mixed - Marine (Salem-OR),Commercial,Public Assembly - Entertainment/culture,59000,1910,,,18.35838699,7.850922777,26.20930977,65.88880407,1.987587001
167,2019,98104,Seattle,WA,4C Mixed - Marine (Salem-OR),Commercial,Public Assembly - Entertainment/culture,59000,1910,,,18.52868653,7.967550873,26.4962374,66.54600411,2.195653149
167,2020,98104,Seattle,WA,4C Mixed - Marine (Salem-OR),Commercial,Public Assembly - Entertainment/culture,59000,1910,,,14.87106099,6.755255164,21.62631616,53.78814944,1.55238557
167,2021,98104,Seattle,WA,4C Mixed - Marine (Salem-OR),Commercial,Public Assembly - Entertainment/culture,59000,1910,0,,16.7791117,8.153220339,24.93233204,61.2472921,1.857261567
168,2015,98109,Seattle,WA,4C Mixed - Marine (Salem-OR),Commercial,Lodging - Hotel,148022,1996,75,,29.8243572,22.56112784,52.38548504,117.3376658,4.305531657
168,2016,98109,Seattle,WA,4C Mixed - Marine (Salem-OR),Commercial,Lodging - Hotel,148022,1996,76,,28.28042955,25.26316208,53.54359163,115.326869,3.8056379
168,2017,98109,Seattle,WA,4C Mixed - Marine (Salem-OR),Commercial,Lodging - Hotel,148022,1996,80,,28.16286756,25.85470813,54.0175757,115.5788477,3.804283902
168,2018,98109,Seattle,WA,4C Mixed - Marine (Salem-OR),Commercial,Lodging - Hotel,148022,1996,97,,20.39313877,18.04262959,38.43576837,82.97921683,2.702881984
168,2019,98109,Seattle,WA,4C Mixed - Marine (Salem-OR),Commercial,Lodging - Hotel,148022,1996,96,,18.19669017,,45.40852672,85.71003551,3.185838264
168,2020,98109,Seattle,WA,4C Mixed - Marine (Salem-OR),Commercial,Lodging - Hotel,148022,1996,100,,17.4278807,5.349189251,22.77706995,60.34019412,1.682930524
168,2021,98109,Seattle,WA,4C Mixed - Marine (Salem-OR),Commercial,Lodging - Hotel,148022,1996,100,,19.78315998,6.868843821,26.6520038,69.33140833,2.044037862
169,2015,98144,Seattle,WA,4C Mixed - Marine (Salem-OR),Commercial,Education - Other classroom,289588,1990,92,,21.16263469,9.046949466,30.20958416,75.94996988,2.685153238
169,2016,98144,Seattle,WA,4C Mixed - Marine (Salem-OR),Commercial,Education - Other classroom,289588,1990,90,,22.21024946,8.16214292,30.37239238,78.31043336,2.368544297
169,2017,98144,Seattle,WA,4C Mixed - Marine (Salem-OR),Commercial,Education - Other classroom,289588,1990,96,,21.46586332,8.220269868,29.68613319,76.0340942,2.289599762
169,2018,98144,Seattle,WA,4C Mixed - Marine (Salem-OR),Commercial,Education - Other classroom,289588,1990,93,,17.73964286,7.289581476,25.02922434,63.35653913,1.90487825
169,2019,98144,Seattle,WA,4C Mixed - Marine (Salem-OR),Commercial,Education - Other classroom,289588,1990,90,,19.33294855,9.018503355,28.35145191,70.17488697,2.328398738
169,2020,98144,Seattle,WA,4C Mixed - Marine (Salem-OR),Commercial,Education - Other classroom,289588,1990,95,,15.70675553,5.43158427,21.1383398,55.02237585,1.549161771
169,2021,98144,Seattle,WA,4C Mixed - Marine (Salem-OR),Commercial,Education - Other classroom,289588,1990,89,,19.56474426,6.145903836,25.71064809,67.886496,1.987102964
17,2015,98104,Seattle,WA,4C Mixed - Marine (Salem-OR),Commercial,Lodging - Hotel,65009,1928,39,,24.82031812,79.87342704,104.6937452,166.3837835,7.234174167
17,2016,98104,Seattle,WA,4C Mixed - Marine (Salem-OR),Commercial,Lodging - Hotel,65009,1928,48,,20.55732753,80.55270069,101.1100282,152.9412042,6.406874353
17,2017,98104,Seattle,WA,4C Mixed - Marine (Salem-OR),Commercial,Lodging - Hotel,65009,1928,94,,,69.00299712,72.95700471,88.48839488,4.326737468
17,2018,98104,Seattle,WA,4C Mixed - Marine (Salem-OR),Commercial,Lodging - Hotel,65009,1928,60,,21.53353631,51.93618089,73.4697172,125.1426289,4.865840069
17,2019,98104,Seattle,WA,4C Mixed - Marine (Salem-OR),Commercial,Lodging - Hotel,65009,1928,71,,19.64917927,47.49945377,67.14863304,113.9724301,4.614907993
17,2020,98104,Seattle,WA,4C Mixed - Marine (Salem-OR),Commercial,Lodging - Hotel,65009,1928,78,,17.57426927,44.30784153,61.8821108,104.7344934,4.032059921
17,2021,98104,Seattle,WA,4C Mixed - Marine (Salem-OR),Commercial,Lodging - Hotel,65009,1928,67,,21.04531783,48.23229091,69.27760874,119.8239507,4.622445386
170,2015,98122,Seattle,WA,4C Mixed - Marine (Salem-OR),Commercial,Education - College or university,64820,1915,,,28.75969527,13.7777397,42.53743498,104.7720698,3.727921628
170,2016,98122,Seattle,WA,4C Mixed - Marine (Salem-OR),Commercial,Education - College or university,64820,1915,,,29.41571942,17.70282127,47.11854068,110.9533213,3.503009329
170,2017,98122,Seattle,WA,4C Mixed - Marine (Salem-OR),Commercial,Education - College or university,64820,1915,,,33.94056241,,62.53118648,136.5935212,4.448327491
170,2018,98122,Seattle,WA,4C Mixed - Marine (Salem-OR),Commercial,Education - College or university,64820,1915,,,32.09718814,23.46397256,55.5611607,125.422342,3.992193883
170,2019,98122,Seattle,WA,4C Mixed - Marine (Salem-OR),Commercial,Education - College or university,64820,1915,,,32.19903317,29.49819738,61.69723055,132.0780714,4.647198544
170,2020,98122,Seattle,WA,4C Mixed - Marine (Salem-OR),Commercial,Education - College or university,64820,1915,,,18.36544862,16.93707438,35.302523,75.45143676,2.373616251
170,2021,98122,Seattle,WA,4C Mixed - Marine (Salem-OR),Commercial,Education - College or university,64820,1915,0,,19.36965861,14.98657822,34.35623682,76.55663515,2.440071926
172,2015,98106,Seattle,WA,4C Mixed - Marine (Salem-OR),Commercial,Education - College or university,529343,1970,,,47.01675761,23.70487959,70.7216372,172.5227425,6.157208537
172,2016,98106,Seattle,WA,4C Mixed - Marine (Salem-OR),Commercial,Education - College or university,529343,1970,,,47.68777662,24.47950564,72.16728226,175.4430995,5.454873119
172,2017,98106,Seattle,WA,4C Mixed - Marine (Salem-OR),Commercial,Education - College or university,529343,1970,,,45.43200001,28.85688791,74.28888792,172.9562123,5.454462562
172,2018,98106,Seattle,WA,4C Mixed - Marine (Salem-OR),Commercial,Education - College or university,529343,1970,,,38.91943266,27.11815278,66.03758543,150.681079,4.769863147
172,2019,98106,Seattle,WA,4C Mixed - Marine (Salem-OR),Commercial,Education - College or university,529343,1970,,,36.54406559,,91.37455134,172.320376,6.408031683
172,2020,98106,Seattle,WA,4C Mixed - Marine (Salem-OR),Commercial,Education - College or university,529343,1970,,,27.06648239,20.29133359,47.35781598,106.294655,3.250142563
172,2021,98106,Seattle,WA,4C Mixed - Marine (Salem-OR),Commercial,Education - College or university,529343,1970,0,,26.54284886,20.49353633,47.03638518,104.8627586,3.341420982
173,2015,98115,Seattle,WA,4C Mixed - Marine (Salem-OR),Commercial,Office - Uncategorized,96300,2002,,,143.6767647,24.96032858,168.6370933,477.3533861,16.29409702
173,2016,98115,Seattle,WA,4C Mixed - Marine (Salem-OR),Commercial,Office - Uncategorized,96300,2002,,,144.7238686,24.3218777,169.0457463,479.9709189,13.90068631
173,2017,98115,Seattle,WA,4C Mixed - Marine (Salem-OR),Commercial,Office - Uncategorized,96300,2002,,,147.7799858,33.66640873,181.4463945,499.3788846,14.54497593
173,2018,98115,Seattle,WA,4C Mixed - Marine (Salem-OR),Commercial,Office - Uncategorized,96300,2002,,,131.3970919,36.66102158,168.0581134,451.0809411,13.18760304
173,2019,98115,Seattle,WA,4C Mixed - Marine (Salem-OR),Commercial,Office - Uncategorized,96300,2002,,,98.65333582,44.84576809,143.4991039,356.859531,11.81934285
173,2020,98115,Seattle,WA,4C Mixed - Marine (Salem-OR),Commercial,Office - Uncategorized,96300,2002,,,74.91155452,36.56587352,111.477428,273.6164484,7.954730313
173,2021,98115,Seattle,WA,4C Mixed - Marine (Salem-OR),Commercial,Office - Uncategorized,96300,2002,0,,60.36199673,,77.59782228,207.6342866,6.039039816
174,2015,98134,Seattle,WA,4C Mixed - Marine (Salem-OR),Commercial,Service - Vehicle service/repair shop,67356,1950,,,44.49783703,53.22269,97.72052704,195.6070328,7.460899307
174,2016,98134,Seattle,WA,4C Mixed - Marine (Salem-OR),Commercial,Service - Vehicle service/repair shop,67356,1950,,,61.84034271,48.82692545,110.6672682,245.4469478,7.981055684
174,2017,98134,Seattle,WA,4C Mixed - Marine (Salem-OR),Commercial,Service - Vehicle service/repair shop,67356,1950,,,32.49554297,71.53973385,104.0352768,177.1527255,6.604621322
174,2018,98134,Seattle,WA,4C Mixed - Marine (Salem-OR),Commercial,Service - Vehicle service/repair shop,67356,1950,,,27.89102118,59.02966593,86.9206871,149.5589557,5.521233612
174,2019,98134,Seattle,WA,4C Mixed - Marine (Salem-OR),Commercial,Service - Vehicle service/repair shop,67356,1950,,,27.9185396,62.27677959,90.19531918,153.0548329,5.978088853
174,2020,98134,Seattle,WA,4C Mixed - Marine (Salem-OR),Commercial,Service - Vehicle service/repair shop,67356,1950,,,26.7178946,59.68153615,86.39943075,146.559802,5.314177097
174,2021,98134,Seattle,WA,4C Mixed - Marine (Salem-OR),Commercial,Service - Vehicle service/repair shop,67356,1950,0,,28.53682975,60.59519568,89.13202543,153.2306009,5.640473134
175,2015,98122,Seattle,WA,4C Mixed - Marine (Salem-OR),Commercial,Education - Other classroom,254523,2008,62,,30.33271371,23.13564998,53.4683637,119.5371535,4.388826575
175,2016,98122,Seattle,WA,4C Mixed - Marine (Salem-OR),Commercial,Education - Other classroom,254523,2008,60,,30.69761956,22.46991097,53.16753053,119.9839319,3.867886269
175,2017,98122,Seattle,WA,4C Mixed - Marine (Salem-OR),Commercial,Education - Other classroom,254523,2008,75,,29.64671104,25.40049762,55.04720866,119.7611952,3.908242134
175,2018,98122,Seattle,WA,4C Mixed - Marine (Salem-OR),Commercial,Education - Other classroom,254523,2008,66,,26.22551095,17.54350061,43.76901156,100.76878,3.175400628
175,2019,98122,Seattle,WA,4C Mixed - Marine (Salem-OR),Commercial,Education - Other classroom,254523,2008,65,,25.77813524,19.93746475,45.71559999,101.8776826,3.52486594
175,2020,98122,Seattle,WA,4C Mixed - Marine (Salem-OR),Commercial,Education - Other classroom,254523,2008,78,,20.88281315,18.66084933,39.54366248,85.16592508,2.667220215
175,2021,98122,Seattle,WA,4C Mixed - Marine (Salem-OR),Commercial,Education - Other classroom,254523,2008,48,,25.68375932,,,122.1643779,4.280076357
176,2015,98118,Seattle,WA,4C Mixed - Marine (Salem-OR),Commercial,Education - Other classroom,78804,2001,92,,21.05246562,10.0114863,31.06395192,76.61680267,2.725022517
176,2016,98118,Seattle,WA,4C Mixed - Marine (Salem-OR),Commercial,Education - Other classroom,78804,2001,92,,20.82312119,10.81466354,31.63778473,76.73999725,2.388563941
176,2017,98118,Seattle,WA,4C Mixed - Marine (Salem-OR),Commercial,Education - Other classroom,78804,2001,92,,21.5550538,13.79078419,35.34583798,82.16319231,2.593142426
176,2018,98118,Seattle,WA,4C Mixed - Marine (Salem-OR),Commercial,Education - Other classroom,78804,2001,68,,20.84066929,11.17368015,32.01434943,77.17206572,2.376475406
176,2019,98118,Seattle,WA,4C Mixed - Marine (Salem-OR),Commercial,Education - Other classroom,78804,2001,56,,22.79520195,15.30109506,38.09629702,87.64308395,2.993109793
176,2020,98118,Seattle,WA,4C Mixed - Marine (Salem-OR),Commercial,Education - Other classroom,78804,2001,48,,22.3755829,21.81163188,44.18721478,93.16154378,2.954374262
176,2021,98118,Seattle,WA,4C Mixed - Marine (Salem-OR),Commercial,Education - Other classroom,78804,2001,42,,18.89099504,,59.14808858,101.5876726,3.741559089
177,2015,98122,Seattle,WA,4C Mixed - Marine (Salem-OR),Commercial,Education - Other classroom,66994,2002,83,,26.23942449,7.602121469,33.84154596,90.37402044,3.137340804
177,2016,98122,Seattle,WA,4C Mixed - Marine (Salem-OR),Commercial,Education - Other classroom,66994,2002,79,,27.16965602,8.140728617,35.31038464,93.86048495,2.799486721
177,2017,98122,Seattle,WA,4C Mixed - Marine (Salem-OR),Commercial,Education - Other classroom,66994,2002,89,,28.6217068,10.38041299,39.0021198,100.771593,3.022048137
177,2018,98122,Seattle,WA,4C Mixed - Marine (Salem-OR),Commercial,Education - Other classroom,66994,2002,78,,23.00100435,6.787986616,29.78899097,79.35053962,2.328518769
177,2019,98122,Seattle,WA,4C Mixed - Marine (Salem-OR),Commercial,Education - Other classroom,66994,2002,56,,30.10024043,7.654981588,37.75522202,102.5524856,3.286071116
177,2020,98122,Seattle,WA,4C Mixed - Marine (Salem-OR),Commercial,Education - Other classroom,66994,2002,76,,22.80508222,8.039859128,30.84494134,80.04981024,2.257428834
177,2021,98122,Seattle,WA,4C Mixed - Marine (Salem-OR),Commercial,Education - Other classroom,66994,2002,47,,31.1512481,,,114.7322475,3.499873851
178,2015,98118,Seattle,WA,4C Mixed - Marine (Salem-OR),Commercial,Education - Other classroom,98357,2000,90,,20.02918183,13.18721867,33.2164005,76.73821055,2.787102018
178,2016,98118,Seattle,WA,4C Mixed - Marine (Salem-OR),Commercial,Education - Other classroom,98357,2000,88,,19.54076727,15.51246928,35.05323655,77.64610197,2.52634116
178,2017,98118,Seattle,WA,4C Mixed - Marine (Salem-OR),Commercial,Education - Other classroom,98357,2000,90,,19.86774562,18.7407613,38.60850692,82.0625206,2.710385129
178,2018,98118,Seattle,WA,4C Mixed - Marine (Salem-OR),Commercial,Education - Other classroom,98357,2000,78,,17.27470542,16.86793973,34.14264515,71.95391172,2.373850132
178,2019,98118,Seattle,WA,4C Mixed - Marine (Salem-OR),Commercial,Education - Other classroom,98357,2000,70,,20.37530695,16.46680136,36.84210831,81.26860524,2.823781922
178,2020,98118,Seattle,WA,4C Mixed - Marine (Salem-OR),Commercial,Education - Other classroom,98357,2000,86,,14.42200544,16.00857235,30.43057779,62.09409805,2.007786156
178,2021,98118,Seattle,WA,4C Mixed - Marine (Salem-OR),Commercial,Education - Other classroom,98357,2000,73,,17.62058417,,43.91469644,82.93745218,2.892150178
179,2015,98118,Seattle,WA,4C Mixed - Marine (Salem-OR),Commercial,Religious worship,54765,1958,,,67.12907942,11.68755453,78.81663394,223.0572416,7.61457665
179,2016,98118,Seattle,WA,4C Mixed - Marine (Salem-OR),Commercial,Religious worship,54765,1958,,,65.01306075,12.46782583,77.48088659,217.2322279,6.3263699
179,2017,98118,Seattle,WA,4C Mixed - Marine (Salem-OR),Commercial,Religious worship,54765,1958,,,69.72182758,16.69973479,86.42156236,236.4612601,6.905576046
179,2018,98118,Seattle,WA,4C Mixed - Marine (Salem-OR),Commercial,Religious worship,54765,1958,,,66.96292836,14.96905878,81.93198714,225.9811068,6.523790891
179,2019,98118,Seattle,WA,4C Mixed - Marine (Salem-OR),Commercial,Religious worship,54765,1958,,,62.95228961,16.41069189,79.3629815,214.9014158,6.893501674
179,2020,98118,Seattle,WA,4C Mixed - Marine (Salem-OR),Commercial,Religious worship,54765,1958,13,,55.96874717,,61.23672101,181.2732386,4.772069386
179,2021,98118,Seattle,WA,4C Mixed - Marine (Salem-OR),Commercial,Religious worship,54765,1958,11,,55.37099795,18.87208984,74.24308779,193.6806279,5.70229601
18,2015,98101,Seattle,WA,4C Mixed - Marine (Salem-OR),Commercial,Lodging - Hotel,295511,1980,56,,47.67900838,29.50685098,77.18585936,183.094632,6.74715165
18,2016,98101,Seattle,WA,4C Mixed - Marine (Salem-OR),Commercial,Lodging - Hotel,295511,1980,58,,46.92300386,28.40821207,75.33121592,179.3566388,5.790907765
18,2017,98101,Seattle,WA,4C Mixed - Marine (Salem-OR),Commercial,Lodging - Hotel,295511,1980,65,,46.30856293,24.45004492,70.75860785,171.0814348,5.296069074
18,2018,98101,Seattle,WA,4C Mixed - Marine (Salem-OR),Commercial,Lodging - Hotel,295511,1980,70,,46.28547155,32.18381666,78.4692882,179.1293881,5.669129762
18,2019,98101,Seattle,WA,4C Mixed - Marine (Salem-OR),Commercial,Lodging - Hotel,295511,1980,72,,45.357354,32.25365604,77.61101003,176.2884304,6.052219989
18,2020,98101,Seattle,WA,4C Mixed - Marine (Salem-OR),Commercial,Lodging - Hotel,295511,1980,98,,30.72438415,,40.04646241,106.2627484,2.961164009
18,2021,98101,Seattle,WA,4C Mixed - Marine (Salem-OR),Commercial,Lodging - Hotel,295511,1980,95,,36.24240196,10.96876258,47.21116454,125.3183429,3.658877411
180,2015,98118,Seattle,WA,4C Mixed - Marine (Salem-OR),Commercial,Lodging - Uncategorized,89821,2009,,,0.72249233,21.73660101,22.45909334,25.09205698,1.229699175
180,2016,98118,Seattle,WA,4C Mixed - Marine (Salem-OR),Commercial,Lodging - Uncategorized,89821,2009,,,0.749551499,20.91985947,21.66941097,24.31944415,1.176357444
180,2017,98118,Seattle,WA,4C Mixed - Marine (Salem-OR),Commercial,Lodging - Uncategorized,89821,2009,,,0.932789188,27.21402054,28.14680973,31.50367962,1.525858737
180,2018,98118,Seattle,WA,4C Mixed - Marine (Salem-OR),Commercial,Lodging - Uncategorized,89821,2009,,,0.805478925,23.83874568,24.6442246,27.55988678,1.334986877
180,2019,98118,Seattle,WA,4C Mixed - Marine (Salem-OR),Commercial,Lodging - Uncategorized,89821,2009,,,0.796976739,,,,2.945138839
180,2020,98118,Seattle,WA,4C Mixed - Marine (Salem-OR),Commercial,Lodging - Uncategorized,89821,2009,,,0.791102627,18.80351741,19.59462004,22.22775553,1.062152038
180,2021,98118,Seattle,WA,4C Mixed - Marine (Salem-OR),Commercial,Lodging - Uncategorized,89821,2009,0,,0.634251338,15.49259082,16.12684216,18.25876956,0.876648001
182,2015,98119,Seattle,WA,4C Mixed - Marine (Salem-OR),Commercial,Education - College or university,52611,1980,,,52.8485086,30.75242421,83.60093281,198.2343624,7.13968131
182,2016,98119,Seattle,WA,4C Mixed - Marine (Salem-OR),Commercial,Education - College or university,52611,1980,,,47.00158177,31.05598417,78.05756594,180.1937501,5.744357745
182,2017,98119,Seattle,WA,4C Mixed - Marine (Salem-OR),Commercial,Education - College or university,52611,1980,,,48.3702825,36.3121117,84.6823942,190.0104043,6.104048829
182,2018,98119,Seattle,WA,4C Mixed - Marine (Salem-OR),Commercial,Education - College or university,52611,1980,,,43.75298183,28.78336818,72.53635002,167.6068995,5.2719671
182,2019,98119,Seattle,WA,4C Mixed - Marine (Salem-OR),Commercial,Education - College or university,52611,1980,,,46.35383679,35.18652891,81.5403657,182.4969029,6.303035911
182,2020,98119,Seattle,WA,4C Mixed - Marine (Salem-OR),Commercial,Education - College or university,52611,1980,,,38.02325327,29.39884167,67.42209494,150.261799,4.61327888
182,2021,98119,Seattle,WA,4C Mixed - Marine (Salem-OR),Commercial,Education - College or university,52611,1980,0,,44.23945777,,,218.2020553,7.765703976
183,2015,98119,Seattle,WA,4C Mixed - Marine (Salem-OR),Residential,2-4 Unit Building,102100,2001,88,,23.68986067,19.58394105,43.27380172,94.9493006,3.508263302
183,2016,98119,Seattle,WA,4C Mixed - Marine (Salem-OR),Residential,2-4 Unit Building,102100,2001,89,,22.62728259,20.83971419,43.46699678,92.93136724,3.078180779
183,2017,98119,Seattle,WA,4C Mixed - Marine (Salem-OR),Residential,2-4 Unit Building,102100,2001,89,,23.27141022,25.38242573,48.65383596,99.72377512,3.356936685
183,2018,98119,Seattle,WA,4C Mixed - Marine (Salem-OR),Residential,2-4 Unit Building,102100,2001,89,,22.59540652,22.09422084,44.68962736,94.14850836,3.106582294
183,2019,98119,Seattle,WA,4C Mixed - Marine (Salem-OR),Residential,2-4 Unit Building,102100,2001,89,,24.30822552,18.2589721,42.56719762,95.49974883,3.295069671
183,2020,98119,Seattle,WA,4C Mixed - Marine (Salem-OR),Residential,2-4 Unit Building,102100,2001,93,,20.56871359,16.03451253,36.60322612,81.42199882,2.502524515
183,2021,98119,Seattle,WA,4C Mixed - Marine (Salem-OR),Residential,2-4 Unit Building,102100,2001,88,,23.00681347,15.33986288,38.34667635,88.34825032,2.76756374
185,2015,98125,Seattle,WA,4C Mixed - Marine (Salem-OR),Commercial,Education - Other classroom,236758,2011,96,,20.56134441,13.4511255,34.01246991,78.68630321,2.856550079
185,2016,98125,Seattle,WA,4C Mixed - Marine (Salem-OR),Commercial,Education - Other classroom,236758,2011,96,,20.17870034,15.03190143,35.21060176,79.14461555,2.556396984
185,2017,98125,Seattle,WA,4C Mixed - Marine (Salem-OR),Commercial,Education - Other classroom,236758,2011,91,,20.80082961,19.05239094,39.85322055,85.31961547,2.807486218
185,2018,98125,Seattle,WA,4C Mixed - Marine (Salem-OR),Commercial,Education - Other classroom,236758,2011,86,,16.75696065,12.26417667,29.02113732,65.49424195,2.084959676
185,2019,98125,Seattle,WA,4C Mixed - Marine (Salem-OR),Commercial,Education - Other classroom,236758,2011,87,,16.64179733,12.3852196,29.02701694,65.25972421,2.249745928
185,2020,98125,Seattle,WA,4C Mixed - Marine (Salem-OR),Commercial,Education - Other classroom,236758,2011,92,,13.95912778,11.70847563,25.66760341,56.12556065,1.74225551
185,2021,98125,Seattle,WA,4C Mixed - Marine (Salem-OR),Commercial,Education - Other classroom,236758,2011,79,,16.48541894,,,75.97060978,2.623697293
187,2015,98122,Seattle,WA,4C Mixed - Marine (Salem-OR),Commercial,Commercial - Other,250981,1971,,,37.63478631,17.74769532,55.38248163,139.1963261,5.077044658
187,2016,98122,Seattle,WA,4C Mixed - Marine (Salem-OR),Commercial,Commercial - Other,250981,1971,,,32.40506136,19.53639081,51.94145218,124.8497665,4.089916563
187,2017,98122,Seattle,WA,4C Mixed - Marine (Salem-OR),Commercial,Commercial - Other,250981,1971,,,31.21441731,24.83960929,56.0540266,127.4234465,4.308757301
187,2018,98122,Seattle,WA,4C Mixed - Marine (Salem-OR),Commercial,Commercial - Other,250981,1971,,,31.10848341,19.99613517,51.10461858,121.3347392,3.958072323
189,2015,98117,Seattle,WA,4C Mixed - Marine (Salem-OR),Commercial,Education - Other classroom,62526,2002,97,,16.90195837,12.57011981,29.47207818,66.27077507,2.428399084
189,2016,98117,Seattle,WA,4C Mixed - Marine (Salem-OR),Commercial,Education - Other classroom,62526,2002,96,,17.77386103,13.91363621,31.68749724,70.41924166,2.287488273
189,2017,98117,Seattle,WA,4C Mixed - Marine (Salem-OR),Commercial,Education - Other classroom,62526,2002,96,,17.42018636,17.6256202,35.04580657,73.20628639,2.43986966
189,2018,98117,Seattle,WA,4C Mixed - Marine (Salem-OR),Commercial,Education - Other classroom,62526,2002,76,,18.43640258,13.17712189,31.61352447,71.72628208,2.277195193
189,2019,98117,Seattle,WA,4C Mixed - Marine (Salem-OR),Commercial,Education - Other classroom,62526,2002,66,,20.72265591,16.00823646,36.73089237,81.87778785,2.832726347
189,2020,98117,Seattle,WA,4C Mixed - Marine (Salem-OR),Commercial,Education - Other classroom,62526,2002,83,,13.03069031,19.37888745,32.40957776,61.2641994,2.075110781
189,2021,98117,Seattle,WA,4C Mixed - Marine (Salem-OR),Commercial,Education - Other classroom,62526,2002,59,,17.63304629,,48.48197314,87.75913855,3.135114189
19,2015,98101,Seattle,WA,4C Mixed - Marine (Salem-OR),Commercial,Lodging - Hotel,66990,1922,14,,61.02314521,98.87637283,159.899518,305.2991332,12.48336961
19,2016,98101,Seattle,WA,4C Mixed - Marine (Salem-OR),Commercial,Lodging - Hotel,66990,1922,35,,57.05244825,103.0194044,160.0718527,298.1964883,11.40610789
19,2017,98101,Seattle,WA,4C Mixed - Marine (Salem-OR),Commercial,Lodging - Hotel,66990,1922,34,,56.42537086,116.7102289,173.1355997,312.3112457,12.18480503
19,2018,98101,Seattle,WA,4C Mixed - Marine (Salem-OR),Commercial,Lodging - Hotel,66990,1922,24,,48.52206661,96.05579463,144.5778612,262.9457947,10.11445827
19,2019,98101,Seattle,WA,4C Mixed - Marine (Salem-OR),Commercial,Lodging - Hotel,66990,1922,25,,42.07872761,81.59726387,123.6759915,225.6632771,9.05536288
19,2020,98101,Seattle,WA,4C Mixed - Marine (Salem-OR),Commercial,Lodging - Hotel,66990,1922,69,,31.82484926,46.77142621,78.59627546,154.6127591,5.532171155
19,2021,98101,Seattle,WA,4C Mixed - Marine (Salem-OR),Commercial,Lodging - Hotel,66990,1922,56,,37.94596122,49.28765487,87.23361609,176.7556474,6.357196875
190,2015,98108,Seattle,WA,4C Mixed - Marine (Salem-OR),Commercial,Warehouse - Non-refrigerated,64015,2007,19,,42.19475634,10.12327093,52.31802728,143.1209694,4.933661237
190,2016,98108,Seattle,WA,4C Mixed - Marine (Salem-OR),Commercial,Warehouse - Non-refrigerated,64015,2007,21,,41.37407065,9.117863732,50.49193438,139.4883388,4.088955335
190,2017,98108,Seattle,WA,4C Mixed - Marine (Salem-OR),Commercial,Warehouse - Non-refrigerated,64015,2007,42,,31.88618717,12.40569007,44.29187725,113.1486023,3.411400219
190,2018,98108,Seattle,WA,4C Mixed - Marine (Salem-OR),Commercial,Warehouse - Non-refrigerated,64015,2007,37,,31.91774459,,37.36832734,105.9448299,3.020080552
190,2019,98108,Seattle,WA,4C Mixed - Marine (Salem-OR),Commercial,Warehouse - Non-refrigerated,64015,2007,,,29.53888969,6.707816031,36.24670573,99.79532047,3.181743016
190,2020,98108,Seattle,WA,4C Mixed - Marine (Salem-OR),Commercial,Warehouse - Non-refrigerated,64015,2007,,,30.01883856,6.809275405,36.82811397,101.4088923,2.77107899
190,2021,98108,Seattle,WA,4C Mixed - Marine (Salem-OR),Commercial,Warehouse - Non-refrigerated,64015,2007,51,,32.5694533,11.11723815,43.68669144,113.9411834,3.354995835
194,2015,98125,Seattle,WA,4C Mixed - Marine (Salem-OR),Commercial,Retail - Uncategorized,530039,1951,98,,31.81566263,23.01081339,54.82647601,124.0625347,4.536848873
194,2016,98125,Seattle,WA,4C Mixed - Marine (Salem-OR),Commercial,Retail - Uncategorized,530039,1951,98,,30.5262979,21.64038531,52.16668321,118.57498,3.808902713
194,2017,98125,Seattle,WA,4C Mixed - Marine (Salem-OR),Commercial,Retail - Uncategorized,530039,1951,98,,30.01562252,27.9172166,57.93283912,123.5621321,4.073747937
194,2018,98125,Seattle,WA,4C Mixed - Marine (Salem-OR),Commercial,Retail - Uncategorized,530039,1951,92,,27.92509349,26.52914947,54.45424297,115.5404005,3.797877178
194,2019,98125,Seattle,WA,4C Mixed - Marine (Salem-OR),Commercial,Retail - Uncategorized,530039,1951,98,,21.86329517,17.80606206,39.66935723,87.34711201,3.037415493
194,2020,98125,Seattle,WA,4C Mixed - Marine (Salem-OR),Commercial,Retail - Uncategorized,530039,1951,100,,11.8063869,9.309229122,21.11561603,46.84674546,1.442043481
194,2021,98125,Seattle,WA,4C Mixed - Marine (Salem-OR),Commercial,Retail - Uncategorized,530039,1951,100,,8.584776066,5.679185871,14.26396194,32.91934201,1.030314255
19440,2015,98133,Seattle,WA,4C Mixed - Marine (Salem-OR),Residential,2-4 Unit Building,31334,1976,69,,26.26412835,0,26.26412835,82.46936303,2.736561289
19440,2016,98133,Seattle,WA,4C Mixed - Marine (Salem-OR),Residential,2-4 Unit Building,31334,1976,88,,22.98316093,0,22.98316093,72.16712531,2.002389719
19440,2017,98133,Seattle,WA,4C Mixed - Marine (Salem-OR),Residential,2-4 Unit Building,31334,1976,91,,23.38468269,0,23.38468269,73.42790365,2.018655528
19440,2018,98133,Seattle,WA,4C Mixed - Marine (Salem-OR),Residential,2-4 Unit Building,31334,1976,94,,22.0782202,0,22.0782202,69.32561143,1.888871371
19440,2019,98133,Seattle,WA,4C Mixed - Marine (Salem-OR),Residential,2-4 Unit Building,31334,1976,94,,22.37035626,0,22.37035626,70.24291865,2.139804232
19440,2020,98133,Seattle,WA,4C Mixed - Marine (Salem-OR),Residential,2-4 Unit Building,31334,1976,93,,22.57127514,0,22.57127514,70.87380394,1.811665576
19440,2021,98133,Seattle,WA,4C Mixed - Marine (Salem-OR),Residential,2-4 Unit Building,31334,1976,91,,23.90708584,0,23.90708584,75.06824954,2.029280513
19441,2015,98103,Seattle,WA,4C Mixed - Marine (Salem-OR),Residential,2-4 Unit Building,47658,2005,84,,23.56946134,0,23.56946134,74.00810861,2.455434789
19441,2016,98103,Seattle,WA,4C Mixed - Marine (Salem-OR),Residential,2-4 Unit Building,47658,2005,53,,24.44235664,0,24.44235664,76.74899986,2.129521093
19441,2017,98103,Seattle,WA,4C Mixed - Marine (Salem-OR),Residential,2-4 Unit Building,47658,2005,67,,24.82603867,0,24.82603867,77.95376143,2.143076677
19441,2018,98103,Seattle,WA,4C Mixed - Marine (Salem-OR),Residential,2-4 Unit Building,47658,2005,66,,24.44907057,0,24.44907057,76.77008159,2.091638903
19441,2019,98103,Seattle,WA,4C Mixed - Marine (Salem-OR),Residential,2-4 Unit Building,47658,2005,79,,22.35848318,0,22.35848318,70.2056372,2.13866806
19441,2020,98103,Seattle,WA,4C Mixed - Marine (Salem-OR),Residential,2-4 Unit Building,47658,2005,,,22.57042147,0,22.57042147,70.87112342,1.811597057
19441,2021,98103,Seattle,WA,4C Mixed - Marine (Salem-OR),Residential,2-4 Unit Building,47658,2005,0,,23.53630566,0,23.53630566,73.90399977,1.997807962
19445,2015,98103,Seattle,WA,4C Mixed - Marine (Salem-OR),Residential,2-4 Unit Building,56986,2000,94,,28.26193012,0.024258858,28.28618898,88.76793239,2.945463829
19445,2016,98103,Seattle,WA,4C Mixed - Marine (Salem-OR),Residential,2-4 Unit Building,56986,2000,32,,30.52824569,4.432553366,34.96079905,100.5128725,2.895160865
19445,2017,98103,Seattle,WA,4C Mixed - Marine (Salem-OR),Residential,2-4 Unit Building,56986,2000,46,,31.65872538,6.364933386,38.02365876,106.0915777,3.070942717
19445,2018,98103,Seattle,WA,4C Mixed - Marine (Salem-OR),Residential,2-4 Unit Building,56986,2000,46,,30.61074017,5.998149317,36.60888949,102.4157809,2.937644483
19445,2019,98103,Seattle,WA,4C Mixed - Marine (Salem-OR),Residential,2-4 Unit Building,56986,2000,9,,39.02472436,,,139.8322829,4.607841776
19445,2020,98103,Seattle,WA,4C Mixed - Marine (Salem-OR),Residential,2-4 Unit Building,56986,2000,16,,34.45219566,,51.04942552,125.6069857,3.646757157
19445,2021,98103,Seattle,WA,4C Mixed - Marine (Salem-OR),Residential,2-4 Unit Building,56986,2000,71,,25.7604415,9.685361317,35.44580282,91.05741569,2.70098653
19448,2015,98199,Seattle,WA,4C Mixed - Marine (Salem-OR),Residential,2-4 Unit Building,24059,1962,69,,28.22031259,0,28.22031259,88.61178155,2.939993216
19448,2016,98199,Seattle,WA,4C Mixed - Marine (Salem-OR),Residential,2-4 Unit Building,24059,1962,65,,28.85440264,0,28.85440264,90.60282429,2.513913969
19448,2017,98199,Seattle,WA,4C Mixed - Marine (Salem-OR),Residential,2-4 Unit Building,24059,1962,69,,30.74385414,0,30.74385414,96.535702,2.653927927
19448,2018,98199,Seattle,WA,4C Mixed - Marine (Salem-OR),Residential,2-4 Unit Building,24059,1962,75,,28.80979259,0,28.80979259,90.46274872,2.464829836
19448,2019,98199,Seattle,WA,4C Mixed - Marine (Salem-OR),Residential,2-4 Unit Building,24059,1962,67,,30.91577014,0,30.91577014,97.07551824,2.957263032
19448,2020,98199,Seattle,WA,4C Mixed - Marine (Salem-OR),Residential,2-4 Unit Building,24059,1962,71,,29.78536442,0,29.78536442,93.52604427,2.390698755
19448,2021,98199,Seattle,WA,4C Mixed - Marine (Salem-OR),Residential,2-4 Unit Building,24059,1962,69,,31.49397136,0,31.49397136,98.89107007,2.673270293
19451,2015,98144,Seattle,WA,4C Mixed - Marine (Salem-OR),Commercial,Nursing Home,66402,1963,83,,38.91918311,86.60678194,125.5259651,213.143356,8.653759355
19451,2016,98144,Seattle,WA,4C Mixed - Marine (Salem-OR),Commercial,Nursing Home,66402,1963,72,,45.38755381,91.16582859,136.5533824,238.241039,8.796194385
19451,2017,98144,Seattle,WA,4C Mixed - Marine (Salem-OR),Commercial,Nursing Home,66402,1963,94,,35.91704516,68.70652451,104.6235697,184.9213725,6.749505749
19451,2018,98144,Seattle,WA,4C Mixed - Marine (Salem-OR),Commercial,Nursing Home,66402,1963,94,,31.58108493,78.89244089,110.4735258,182.0016696,6.891783867
19451,2019,98144,Seattle,WA,4C Mixed - Marine (Salem-OR),Commercial,Nursing Home,66402,1963,98,,29.48253357,61.82223716,91.30477073,157.4885044,6.103889978
19451,2020,98144,Seattle,WA,4C Mixed - Marine (Salem-OR),Commercial,Nursing Home,66402,1963,,,20.24758747,32.17243584,52.42002331,97.3584823,3.333834688
19451,2021,98144,Seattle,WA,4C Mixed - Marine (Salem-OR),Commercial,Nursing Home,66402,1963,0,,29.54115111,,,,5.995461246
19453,2015,98115,Seattle,WA,4C Mixed - Marine (Salem-OR),Residential,2-4 Unit Building,60487,1988,65,,29.3759099,0,29.3759099,92.24035709,3.060505801
19453,2016,98115,Seattle,WA,4C Mixed - Marine (Salem-OR),Residential,2-4 Unit Building,60487,1988,68,,28.73233873,0,28.73233873,90.21954362,2.503279821
19453,2017,98115,Seattle,WA,4C Mixed - Marine (Salem-OR),Residential,2-4 Unit Building,60487,1988,72,,30.36086695,0,30.36086695,95.33312222,2.620864973
19453,2018,98115,Seattle,WA,4C Mixed - Marine (Salem-OR),Residential,2-4 Unit Building,60487,1988,75,,29.36704665,0,29.36704665,92.2125265,2.512433132
19453,2019,98115,Seattle,WA,4C Mixed - Marine (Salem-OR),Residential,2-4 Unit Building,60487,1988,78,,28.90670001,0,28.90670001,90.76703803,2.765041481
19453,2020,98115,Seattle,WA,4C Mixed - Marine (Salem-OR),Residential,2-4 Unit Building,60487,1988,77,,28.86608599,0,28.86608599,90.63951,2.316913598
19453,2021,98115,Seattle,WA,4C Mixed - Marine (Salem-OR),Residential,2-4 Unit Building,60487,1988,74,,30.7700712,0,30.7700712,96.61802356,2.611824222
19454,2015,98115,Seattle,WA,4C Mixed - Marine (Salem-OR),Residential,2-4 Unit Building,29914,1990,95,,27.00034343,0,27.00034343,84.78107836,2.81278372
19454,2016,98115,Seattle,WA,4C Mixed - Marine (Salem-OR),Residential,2-4 Unit Building,29914,1990,90,,28.8090617,0,28.8090617,90.46045373,2.509964755
19454,2017,98115,Seattle,WA,4C Mixed - Marine (Salem-OR),Residential,2-4 Unit Building,29914,1990,91,,30.21220417,0,30.21220417,94.86632108,2.608028502
19454,2018,98115,Seattle,WA,4C Mixed - Marine (Salem-OR),Residential,2-4 Unit Building,29914,1990,89,,30.74374388,0,30.74374388,96.53535577,2.630208719
19454,2019,98115,Seattle,WA,4C Mixed - Marine (Salem-OR),Residential,2-4 Unit Building,29914,1990,91,,30.09542121,0,30.09542121,94.4996226,2.878702593
19454,2020,98115,Seattle,WA,4C Mixed - Marine (Salem-OR),Residential,2-4 Unit Building,29914,1990,87,,31.11335672,0,31.11335672,97.69594009,2.497289008
19454,2021,98115,Seattle,WA,4C Mixed - Marine (Salem-OR),Residential,2-4 Unit Building,29914,1990,86,,32.80965266,0,32.80965266,103.0223093,2.784947912
19456,2017,98115,Seattle,WA,4C Mixed - Marine (Salem-OR),Residential,2-4 Unit Building,74614,1965,93,,13.28607474,34.40797299,47.69404773,77.84664633,2.974313093